env_id,mass_g,mass_kg,bending_lever_arm_m,expected_Fx_N,expected_My_Nm,settled,settle_time_s,sample_count,tare_sample_count,sample_max_relative_speed_m_s,sample_max_relative_angular_speed_rad_s,sample_max_position_error_m,sample_min_broad_normal_z,sample_max_abs_sensor_axis_z,Fx_N,Fx_std_N,raw_Fx_N,raw_Fx_std_N,tare_Fx_N,tare_Fx_std_N,Fy_N,Fy_std_N,raw_Fy_N,raw_Fy_std_N,tare_Fy_N,tare_Fy_std_N,Fz_N,Fz_std_N,raw_Fz_N,raw_Fz_std_N,tare_Fz_N,tare_Fz_std_N,Mx_Nm,Mx_std_Nm,raw_Mx_Nm,raw_Mx_std_Nm,tare_Mx_Nm,tare_Mx_std_Nm,My_Nm,My_std_Nm,raw_My_Nm,raw_My_std_Nm,tare_My_Nm,tare_My_std_Nm,Mz_Nm,Mz_std_Nm,raw_Mz_Nm,raw_Mz_std_Nm,tare_Mz_Nm,tare_Mz_std_Nm,Fx_error_N,Fx_error_percent,My_error_Nm,My_error_percent,measured_lever_arm_m
0,10,0.01,0.13369999999999999,0.0981,0.01311597,True,1.4958333333333333,240,180,0.0013061689678579569,0.013486572541296482,1.5083378457347862e-06,0.9999831318855286,0.0001379251480102539,0.09804976085821816,3.987108111878823e-07,2.0600135574738183,3.9871081118788057e-07,1.9619637966156005,1.879169580254268e-07,0.0006110822238648903,1.0077117478785384e-06,0.012045703106559813,1.0077117478785382e-06,0.01143462088269492,5.957890712376131e-08,-2.633984469058398e-05,8.291645605934777e-07,-0.0002839069415737564,8.291645605934776e-07,-0.0002575670968831724,2.81190368763013e-08,-8.170740264985325e-05,1.3707095785830727e-07,-0.0016106518548137199,1.3707095785830746e-07,-0.0015289444521638669,7.651666622721119e-09,0.013109544788797675,4.566219445584081e-08,0.2754241097718477,4.566219445584081e-08,0.26231456498305,1.994852443542025e-08,1.537296462746293e-05,2.9359724833064617e-08,1.582992537502529e-05,2.9359724833064617e-08,4.5696074756228376e-07,6.256666446474809e-09,-5.0239141781843744e-05,-0.05121217307017711,-6.425211202323866e-06,-0.04898769364617231,0.13370297565288639
1,20,0.02,0.13369999999999999,0.1962,0.02623194,True,1.4958333333333333,240,180,0.001338765025138855,0.013855118304491043,1.5972765368132968e-06,0.9999831914901733,0.00014448165893554688,0.19610039724244033,4.4319279207431115e-05,2.158064293861389,4.431927920743117e-05,1.961963896618949,1.9778215633351501e-07,0.0012232670444063897,0.00014452250936742832,0.012657917279284447,0.00014452250936742818,0.011434650234878063,6.316693514075029e-08,-5.022367870171583e-05,0.00025591277483692375,-0.0003085106979597185,0.00025591277483692375,-0.00025828701925800286,3.230746204889268e-08,-0.000163604698577223,1.914068477905063e-05,-0.001692558363720309,1.9140684779050626e-05,-0.0015289536651430858,1.0152581548470367e-08,0.026219159944190065,8.967449339363967e-07,0.2885337588687738,8.967449339363969e-07,0.26231459892458386,2.315572095263602e-08,3.0844136422242716e-05,4.590713804131822e-06,3.129636597047162e-05,4.590713804131824e-06,4.522295482287417e-07,7.286020669841826e-09,-9.960275755968584e-05,-0.050765931477923465,-1.2780055809933494e-05,-0.048719445873745874,0.13370273754099096
2,30,0.03,0.13369999999999999,0.2943,0.03934791,True,1.4958333333333333,240,180,0.0013614986091852188,0.014259899966418743,1.1171896403538994e-06,0.9999829530715942,0.00015246868133544922,0.2941513763533686,1.5179512929451817e-06,2.2561147193113964,1.5179512929451836e-06,1.9619633429580265,2.1843328289484862e-07,0.0018414512716440742,2.901060918181394e-06,0.013276125125897428,2.901060918181397e-06,0.011434673854253358,6.93281135227069e-08,-7.994843068041147e-05,6.0050689656213e-06,-0.00033822603339406975,6.005068965621303e-06,-0.00025827760271365856,3.994790573307208e-08,-0.00024621523334644626,3.8208013201238076e-07,-0.0017751687963027507,3.820801320123807e-07,-0.0015289535629563033,9.6200783511402e-09,0.039328927256994786,6.349777707320186e-08,0.3016434606164694,6.349777707320209e-08,0.26231453335947463,3.375727049627813e-08,4.6294111292708225e-05,9.923769507023831e-08,4.674500200962939e-05,9.923769507023826e-08,4.5089071692119533e-07,8.67550629704756e-09,-0.00014862364663142946,-0.05050072940245649,-1.898274300521363e-05,-0.04824333237829819,0.13370301966477402
3,40,0.04,0.13369999999999999,0.3924,0.05246388,True,1.4958333333333333,240,180,0.001359730726107955,0.01419078093022108,7.767565080030181e-07,0.9999827146530151,0.00016045570373535156,0.3922016633881459,0.00017719251307388246,2.3541651288668315,0.00017719251307388249,1.9619634654786853,2.0741855867674965e-07,0.002455300575173974,0.00028354655962807443,0.013889977269961188,0.0002835465596280745,0.011434676694787212,7.657529724191784e-08,-0.00011254147987832182,0.0007453663002158809,-0.00037082156450196635,0.0007453663002158808,-0.00025828008462364473,3.9105595219635795e-08,-0.00032830586957667546,3.750617990841652e-05,-0.001857258788368199,3.7506179908416496e-05,-0.0015289529187915226,1.2169475187267335e-08,0.052438650238845336,5.365360542706613e-06,0.314753199989597,5.365360542706615e-06,0.2623145497507519,3.1510782975819205e-08,6.185911722522189e-05,9.341182689821071e-06,6.231234668424198e-05,9.341182689821068e-06,4.5322945901994496e-07,7.771286342885544e-09,-0.00019833661185414408,-0.0505444984337778,-2.5229761154661745e-05,-0.04808977367793184,0.1337032836266912
4,50,0.05,0.13369999999999999,0.49050000000000005,0.06557985,True,1.4958333333333333,240,180,0.0013109189458191395,0.0135535579174757,8.228170145230251e-07,0.9999827146530151,0.00016939640045166016,0.4902520279089619,9.820486526378327e-07,2.4522159655888873,9.820486526378317e-07,1.9619639376799265,1.72899966929719e-07,0.003075732791330651,9.439389122920386e-06,0.014510391982427488,9.439389122920383e-06,0.011434659191096822,6.617327362866608e-08,-0.000146457011295651,8.701190623386252e-06,-0.00040474343538032066,8.701190623386256e-06,-0.00025828642408467004,3.5263850030991284e-08,-0.0004112444269897736,1.248487867641338e-06,-0.0019401981839716124,1.248487867641337e-06,-0.0015289537569818398,1.0120008401668714e-08,0.06554840720362115,1.5736093508537052e-07,0.3278630127509435,1.5736093508537052e-07,0.26231460554732217,2.129528670752091e-08,7.760849403426725e-05,2.907304425637545e-07,7.80609809832337e-05,2.907304425637545e-07,4.52486948966503e-07,7.331851864343379e-09,-0.0002479720910381622,-0.05055496249503816,-3.1442796378844395e-05,-0.04794581930096577,0.13370349018891414
5,60,0.06,0.13369999999999999,0.5886,0.07869582,True,1.4958333333333333,240,180,0.001351510058157146,0.013882932253181934,1.0147023203899153e-06,0.9999825954437256,0.00017595291137695312,0.5883025228977178,0.0002515392782498515,2.550266319513321,0.00025153927824985117,1.9619637966156005,1.879169580254268e-07,0.003695703619935881,0.00268857557271662,0.01513032450263078,0.00268857557271662,0.01143462088269492,5.957890712376131e-08,-0.0001789901935909352,0.00252172596330757,-0.0004365572904741081,0.002521725963307569,-0.0002575670968831724,2.81190368763013e-08,-0.000494145102695459,0.00035702978212886225,-0.002023089554859325,0.00035702978212886235,-0.0015289444521638669,7.651666622721119e-09,0.07865831305583298,5.936836411047795e-05,0.3409728780388832,5.936836411047798e-05,0.26231456498305,1.994852443542025e-08,9.337368302608573e-05,9.011364356598603e-05,9.383064377364766e-05,9.011364356598602e-05,4.5696074756228376e-07,6.256666446474809e-09,-0.0002974771022822287,-0.05053977272888696,-3.7506944167015055e-05,-0.047660656140332554,0.13370385132532997
6,70,0.07,0.13369999999999999,0.6867000000000001,0.09181179,True,1.4958333333333333,240,180,0.0012476015836000443,0.012632503174245358,1.010645974020008e-06,0.9999825954437256,0.00018596649169921875,0.6863543152809112,0.00012351307245344508,2.648318111896515,0.00012351307245344516,1.9619637966156005,1.879169580254268e-07,0.004321547066016765,0.00038215549198267976,0.015756167948711663,0.00038215549198268003,0.01143462088269492,5.957890712376131e-08,-0.0002198583918571877,0.0007509785394162522,-0.00047742548874036097,0.0007509785394162517,-0.0002575670968831724,2.81190368763013e-08,-0.0005778553180991573,5.0610431504426454e-05,-0.002106799770263024,5.0610431504426454e-05,-0.0015289444521638669,7.651666622721119e-09,0.09176842235028722,2.1148940741885963e-06,0.3540829873333375,2.1148940741885904e-06,0.26231456498305,1.994852443542025e-08,0.00010927627743326591,1.2194860600554016e-05,0.00010973323818082766,1.2194860600554011e-05,4.5696074756228376e-07,6.256666446474809e-09,-0.0003456847190889123,-0.050339991129883827,-4.336764971278606e-05,-0.04723538198393263,0.13370415295302432
7,80,0.08,0.13369999999999999,0.7848,0.10492776,True,1.4958333333333333,240,180,0.0012938176514580846,0.013211395591497421,1.1308450211799936e-06,0.9999826550483704,0.00019466876983642578,0.784405136108395,7.201272274972439e-07,2.746368932723999,7.201272274972439e-07,1.9619637966156005,1.879169580254268e-07,0.004952672760312767,1.3360376342920522e-05,0.016387293643007676,1.3360376342920519e-05,0.01143462088269492,5.957890712376131e-08,-0.0002579564870555045,1.0843896207248664e-05,-0.0005155235839386781,1.0843896207248664e-05,-0.0002575670968831724,2.81190368763013e-08,-0.0006622878304268756,1.777920342409502e-06,-0.002191232282590742,1.7779203424095002e-06,-0.0015289444521638669,7.651666622721119e-09,0.10487825336555615,2.957795781594459e-07,0.36719281834860645,2.9577957815944625e-07,0.26231456498305,1.994852443542025e-08,0.00012527513706841285,4.006456151431686e-07,0.00012573209781597446,4.0064561514316864e-07,4.5696074756228376e-07,6.256666446474809e-09,-0.0003948638916050351,-0.05031395152969356,-4.9506634443849395e-05,-0.047181636626808195,0.13370419001318634
8,90,0.09,0.13369999999999999,0.8829,0.11804372999999999,True,1.4958333333333333,240,180,0.0012387525057420135,0.01242474839091301,1.15310820092418e-06,0.9999823570251465,0.00020396709442138672,0.8824559026294252,4.879467317504757e-05,2.8444197992483775,4.879467317504753e-05,1.961963896618949,1.9778215633351501e-07,0.005585945351049279,3.920270989137578e-05,0.01702059558592737,3.920270989137578e-05,0.011434650234878063,6.316693514075029e-08,-0.0003022639700146908,4.4496059300735094e-05,-0.0005605509892726938,4.449605930073512e-05,-0.00025828701925800286,3.230746204889268e-08,-0.0007468942355545696,5.201621671791178e-06,-0.002275847900697651,5.201621671791182e-06,-0.0015289536651430858,1.0152581548470367e-08,0.11798838770224022,7.947835027766546e-06,0.38030298662682377,7.947835027766534e-06,0.26231459892458386,2.315572095263602e-08,0.00014133302497912022,1.2405498873364839e-06,0.00014178525452734903,1.2405498873364832e-06,4.522295482287417e-07,7.286020669841826e-09,-0.00044409737057482523,-0.05029984942516992,-5.534229775976118e-05,-0.046882877862094996,0.13370457079008033
9,100,0.1,0.13369999999999999,0.9810000000000001,0.1311597,True,1.4958333333333333,240,180,0.0013555999612435699,0.014007890596985817,1.1987854122708086e-06,0.9999822378158569,0.00021278858184814453,0.9805075801081107,0.00030363221162330365,2.942470923066139,0.0003036322116233038,1.9619633429580265,2.1843328289484862e-07,0.0062270781232250825,0.0004129149957319074,0.017661751977478466,0.0004129149957319074,0.011434673854253358,6.93281135227069e-08,-0.00034389378588962807,0.0008284015799573431,-0.000602171388603286,0.0008284015799573433,-0.00025827760271365856,3.994790573307208e-08,-0.0008326644931609461,5.482124671113047e-05,-0.0023616180561172465,5.4821246711130464e-05,-0.0015289535629563033,9.6200783511402e-09,0.13109835431807537,2.3703534323681986e-05,0.39341288767755034,2.3703534323681973e-05,0.26231453335947463,3.375727049627813e-08,0.0001571878798864004,1.3134109748141029e-05,0.0001576387706033226,1.3134109748141024e-05,4.5089071692119533e-07,8.67550629704756e-09,-0.0004924198918894174,-0.050195707633987494,-6.134568192461831e-05,-0.04677174614200728,0.1337045801355462
10,110,0.11,0.13369999999999999,1.0791000000000002,0.14427567,True,1.4958333333333333,240,180,0.0012915792176499963,0.013183663599193096,8.11326856364758e-07,0.9999823570251465,0.0002200603485107422,1.0785587214761354,3.919728650442239e-07,3.0405221869548162,3.9197286504422227e-07,1.9619634654786853,2.0741855867674965e-07,0.006861651779359381,1.030480819439648e-07,0.018296328474146625,1.0304808194396453e-07,0.011434676694787212,7.657529724191784e-08,-0.00038439723648480155,6.445338543256093e-08,-0.0006426773211084462,6.445338543256105e-08,-0.00025828008462364473,3.9105595219635795e-08,-0.000917556737355579,1.5495764678057153e-08,-0.0024465096561471,1.5495764678057166e-08,-0.0015289529187915226,1.2169475187267335e-08,0.14420873456531108,6.131342380572916e-08,0.40652328431606294,6.131342380572917e-08,0.2623145497507519,3.1510782975819205e-08,0.0001732943463803995,1.046463143389238e-08,0.00017374757583941877,1.0464631433892392e-08,4.5322945901994496e-07,7.771286342885544e-09,-0.0005412785238647633,-0.05016018199098908,-6.693543468891394e-05,-0.04639412500313736,0.13370503774513487
11,120,0.12,0.13369999999999999,1.1772,0.15739164,True,1.4958333333333333,240,180,0.0012862862786278129,0.01310071162879467,8.618956712780346e-07,0.9999821186065674,0.0002288818359375,1.1766090889771736,1.3194253356257392e-06,3.1385730266571046,1.3194253356257392e-06,1.9619639376799265,1.72899966929719e-07,0.007506692448320501,1.3376922504666566e-05,0.01894135163941731,1.3376922504666568e-05,0.011434659191096822,6.617327362866608e-08,-0.000432485635327695,1.1600764962863982e-05,-0.0006907720594123627,1.1600764962863978e-05,-0.00025828642408467004,3.5263850030991284e-08,-0.0010037463691939304,1.7792064464429482e-06,-0.0025327001261757688,1.7792064464429484e-06,-0.0015289537569818398,1.0120008401668714e-08,0.15731876620815885,1.5638646597903925e-07,0.41963337175548077,1.5638646597903925e-07,0.26231460554732217,2.129528670752091e-08,0.00018960307231421085,4.175407182791906e-07,0.0001900555592631766,4.175407182791904e-07,4.52486948966503e-07,7.331851864343379e-09,-0.0005909110228263792,-0.050196315224802855,-7.287379184114928e-05,-0.046300929224162915,0.13370521074668568
12,130,0.13,0.13369999999999999,1.2753,0.17050761,True,1.4958333333333333,240,180,0.001264258404262364,0.012752500362694263,9.609010476197e-07,0.9999821186065674,0.00023615360260009766,1.2746601670980457,4.033576944601744e-06,3.236623963713646,4.033576944601728e-06,1.9619637966156005,1.879169580254268e-07,0.008149350892441952,1.1647047386005209e-05,0.019583971775136887,1.1647047386005202e-05,0.01143462088269492,5.957890712376131e-08,-0.00047665985443422475,1.1955711730393237e-05,-0.000734226951317396,1.195571173039323e-05,-0.0002575670968831724,2.81190368763013e-08,-0.0010897127254995407,1.5533271992735371e-06,-0.0026186571776634082,1.5533271992735371e-06,-0.0015289444521638669,7.651666622721119e-09,0.1704292306055622,3.0927332124402394e-07,0.43274379558861253,3.092733212440246e-07,0.26231456498305,1.994852443542025e-08,0.0002060010142285614,3.303113715063142e-07,0.00020645797497612268,3.3031137150631426e-07,4.5696074756228376e-07,6.256666446474809e-09,-0.0006398329019543514,-0.05017116772166168,-7.837939443780528e-05,-0.04596826759685699,0.13370562209813913
13,140,0.14,0.13369999999999999,1.3734000000000002,0.18362358,True,1.4958333333333333,240,180,0.0012652723817154765,0.012772979214787483,1.0373445320510655e-06,0.9999818801879883,0.00024569034576416016,1.3727116634448389,6.51178974552111e-06,3.3346754600604376,6.511789745521103e-06,1.9619637966156005,1.879169580254268e-07,0.008799724583514017,1.566492921937429e-05,0.020234345466208954,1.566492921937428e-05,0.01143462088269492,5.957890712376131e-08,-0.000530485613045232,1.8760476789948533e-05,-0.0007880527099284033,1.8760476789948536e-05,-0.0002575670968831724,2.81190368763013e-08,-0.0011766030155639655,2.082733292541296e-06,-0.002705547467727835,2.0827332925412956e-06,-0.0015289444521638669,7.651666622721119e-09,0.1835392723480857,4.927921302124956e-07,0.4458538373311361,4.927921302124961e-07,0.26231456498305,1.994852443542025e-08,0.0002225242341816003,4.436699015704496e-07,0.00022298119492916157,4.436699015704495e-07,4.5696074756228376e-07,6.256666446474809e-09,-0.0006883365551613174,-0.05011916085345255,-8.4307651914306e-05,-0.04591330368044562,0.13370562605076974
14,150,0.15,0.13369999999999999,1.4715,0.19673954999999999,True,1.4958333333333333,240,180,0.0013160023372620344,0.013403144665062428,1.623081288926187e-06,0.9999818801879883,0.0002548694610595703,1.4707628230253829,3.895394836777323e-07,3.432726740837097,3.895394836777323e-07,1.9619639178117116,2.2016293289018435e-07,0.009454501174493797,1.4019656708970758e-07,0.02088914857401202,1.4019656708970758e-07,0.011434647399518225,6.621348784402554e-08,-0.0005817716570163625,6.857100938008059e-08,-0.0008393494788227448,6.857100938008051e-08,-0.0002575778218063836,2.985455083093453e-08,-0.0012642111632481473,2.0011483815918537e-08,-0.0027931578040200594,2.0011483815918586e-08,-0.001528946640771917,9.043078896624837e-09,0.19664925481710124,5.904596063446279e-08,0.45896383486688136,5.904596063446279e-08,0.2623145800497797,2.7708163203335548e-08,0.00023950888638732127,6.594222489672009e-09,0.00023996347523886168,6.594222489672012e-09,4.545888515394836e-07,7.270042860510239e-09,-0.0007371769746171708,-0.050096974149994616,-9.029518289874194e-05,-0.04589579619285596,0.13370561979027357
15,160,0.16,0.13369999999999999,1.5696,0.20985552,True,1.4958333333333333,240,180,0.0012569213286042213,0.01266496442258358,1.4020955632076948e-06,0.9999817609786987,0.0002620220184326172,1.5688143915600195,5.226169015745643e-06,3.5307777007420857,5.2261690157456685e-06,1.9619633091820612,2.2501852612226554e-07,0.010105877082484487,1.1137830686366444e-05,0.021540550941911835,1.1137830686366456e-05,0.011434673859427372,6.11082727147931e-08,-0.0006310960946494688,1.7319771039296115e-05,-0.0008893633942837672,1.7319771039296105e-05,-0.000258267299634301,2.3369370385980107e-08,-0.0013512775958386333,1.4879212387155638e-06,-0.00288022650735608,1.4879212387155638e-06,-0.0015289489115174447,8.942048511278656e-09,0.20976008110576327,3.263618249433121e-07,0.47207460800806683,3.2636182494331054e-07,0.2623145269023048,3.240611951700966e-08,0.0002557900909495609,3.4745541373591546e-07,0.0002562451823905576,3.4745541373591535e-07,4.5509144099595586e-07,9.283177040180573e-09,-0.0007856084399806562,-0.050051506114975546,-9.54388942367157e-05,-0.04547838162022886,0.13370611732926488
16,170,0.17,0.13369999999999999,1.6677000000000002,0.22297149,True,1.4958333333333333,240,180,0.0012541452888399363,0.012557203881442547,1.4461421642408823e-06,0.9999816417694092,0.0002715587615966797,1.6668656137254452,1.39882217835962e-05,3.628829220930735,1.3988221783596134e-05,1.961963607205285,2.1287129999429622e-07,0.010763910772382429,1.6906636147916324e-05,0.022198577512366077,1.6906636147916337e-05,0.011434666739983692,5.639608275898048e-08,-0.0006897448759344938,1.8368693463508274e-05,-0.0009480169440697258,1.836869346350825e-05,-0.0002582720681352334,2.4434703622182398e-08,-0.0014392389770364388,2.246466692423491e-06,-0.0029681906812281038,2.246466692423491e-06,-0.0015289517041916648,1.0005214941001169e-08,0.22287049624654862,1.8622622269235343e-06,0.48518506238857906,1.862262226923535e-06,0.26231456614202925,2.7432204496842828e-08,0.00027259089384696505,5.438804252098474e-07,0.00027304556266850947,5.438804252098475e-07,4.5466882154540954e-07,8.921402476078814e-09,-0.0008343862745550101,-0.05003215653624813,-0.00010099375345137829,-0.04529446946395626,0.13370633745838273
17,180,0.18,0.13369999999999999,1.7658,0.23608745999999997,True,1.4958333333333333,240,180,0.0012934327824041247,0.013057003729045391,1.4963800367695512e-06,0.9999815225601196,0.00028383731842041016,1.7649178726805625,4.757541913997285e-07,3.7268815845251084,4.757541913997285e-07,1.9619637118445503,2.3011199967094357e-07,0.011429152598915,1.3539024360476702e-07,0.02286379612827053,1.3539024360476708e-07,0.011434643529355526,6.221044125648401e-08,-0.0007603680866951553,6.5341708565431e-08,-0.0010179330366857661,6.534170856543116e-08,-0.00025756494999061233,2.7334968721453208e-08,-0.001528184845099333,1.865901665132862e-08,-0.00305713152338285,1.8659016651328682e-08,-0.001528946678283521,1.057571059839333e-08,0.23598132534987465,6.400298670110026e-08,0.4982958817233642,6.400298670110044e-08,0.2623145563734902,2.4749097561271877e-08,0.0002895105857125666,9.16901134353593e-09,0.0002899670409533428,9.169011343535918e-09,4.5645524077523684e-07,6.560232634980125e-09,-0.0008821273194374868,-0.0499562418981474,-0.00010613465012532242,-0.04495564911635816,0.1337066891341893
18,190,0.19,0.13369999999999999,1.8639000000000001,0.24920342999999998,True,1.4958333333333333,240,180,0.001898651709780097,0.020190805196762085,1.8273223076903378e-06,0.9999812841415405,0.00029540061950683594,1.862972915503702,0.0015613891976389046,3.8249367882808047,0.0015613891976389049,1.9619638727770912,2.9609602858707605e-07,0.012103926413611625,0.006831744021209594,0.023538610072622153,0.0068317440212095955,0.011434683659010464,6.585719447217758e-08,-0.0008115081493856865,0.006233185711417916,-0.0010697858871087835,0.006233185711417917,-0.0002582777377230943,2.825752592310291e-08,-0.0016184354053216934,0.0009077898633729775,-0.003147389824577355,0.0009077898633729776,-0.0015289544192556707,1.0727256260924669e-08,0.24909215784735225,0.00011149095964812306,0.5114067604144414,0.0001114909596481231,0.26231460256708994,3.584832077893125e-08,0.0003064153492440868,0.00021064747319649637,0.0003068682506030503,0.00021064747319649642,4.5290135896417876e-07,8.788373837124356e-09,-0.0009270844962980807,-0.04973896111905578,-0.00011127215264772339,-0.044651132068175545,0.1337068058125815
19,200,0.2,0.13369999999999999,1.9620000000000002,0.2623194,True,1.4958333333333333,240,180,0.0017528211465105414,0.019320061430335045,1.6944175058597466e-06,0.9999812841415405,0.0003056526184082031,1.9610226740439702,0.0015878732742709363,3.9229865918556848,0.0015878732742709359,1.9619639178117116,2.2016293289018435e-07,0.01276934338448979,0.004522473895165863,0.024203990784008055,0.004522473895165862,0.011434647399518225,6.621348784402554e-08,-0.0008963474058684081,0.005502989909793439,-0.0011539252276747901,0.005502989909793439,-0.0002575778218063836,2.985455083093453e-08,-0.0017074328496366686,0.0006007925622699297,-0.0032363794904085807,0.0006007925622699299,-0.001528946640771917,9.043078896624837e-09,0.2622032067014101,8.897831584718012e-05,0.5245177867511909,8.897831584718016e-05,0.2623145800497797,2.7708163203335548e-08,0.00032326251953710073,0.0001425332749124021,0.00032371710838864,0.00014253327491240206,4.545888515394836e-07,7.270042860510239e-09,-0.0009773259560299508,-0.04981273985881502,-0.00011619329858986172,-0.0442945884253554,0.1337073814453667
20,210,0.21,0.13369999999999999,2.0601,0.27543536999999996,True,1.4958333333333333,240,180,0.0013304112944751978,0.013505677692592144,1.5683958736190107e-06,0.9999812841415405,0.0003114938735961914,2.059073239564892,1.1344681960945719e-05,4.0210371573766075,1.134468196094569e-05,1.9619639178117116,2.2016293289018435e-07,0.013430231462957083,2.6976653958083575e-05,0.024864878862475355,2.697665395808355e-05,0.011434647399518225,6.621348784402554e-08,-0.0009475693378287071,4.576503915363665e-05,-0.0012051471596350894,4.576503915363659e-05,-0.0002575778218063836,2.985455083093453e-08,-0.0017958042001636335,3.5984781085334204e-06,-0.0033247508409355456,3.5984781085334217e-06,-0.001528946640771917,9.043078896624837e-09,0.2753127856387024,1.454492808086662e-07,0.5376273656884829,1.454492808086662e-07,0.2623145800497797,2.7708163203335548e-08,0.00034020266721673483,9.5644754706294e-07,0.00034065725606827375,9.564475470629393e-07,4.545888515394836e-07,7.270042860510239e-09,-0.001026760435107743,-0.04984032013532077,-0.0001225843612975841,-0.04450567162001892,0.13370713598166106
21,220,0.22,0.13369999999999999,2.1582000000000003,0.28855134,True,1.4958333333333333,240,180,0.001351197250187397,0.016747184097766876,1.4864795048197266e-06,0.9999810457229614,0.0003209114074707031,2.157132066620723,0.0004536640080165705,4.119095106919606,0.00045366400801656864,1.9619630402988857,1.8395557323085602e-07,0.014103150792005997,0.00036965774516875094,0.025537811250736318,0.00036965774516875105,0.011434660458730327,6.282986964915846e-08,-0.0010046827801690789,0.0013882082317608396,-0.001262951067716737,0.0013882082317608396,-0.00025826828754765705,2.2037163673261266e-08,-0.0018856851028330277,4.8764925756919e-05,-0.003414634541453173,4.876492575691895e-05,-0.0015289494386201519,8.475036774001487e-09,0.28842457607388383,1.881918615756934e-05,0.5507390561203162,1.8819186157569327e-05,0.2623144800464312,2.9597665240668e-08,0.0003573979701261317,1.5886523390396968e-05,0.00035784563533525215,1.588652339039697e-05,4.4766520911960266e-07,1.0590669559556396e-08,-0.0010679333792773527,-0.0494825956481027,-0.00012676392611615794,-0.043931151425655464,0.1337074259554809
22,230,0.23,0.13369999999999999,2.2563000000000004,0.30166731,True,1.4958333333333333,240,180,0.0016851642867550254,0.020249614492058754,1.9747869828279363e-06,0.9999809861183167,0.0003292560577392578,2.2551672908994793,0.002142129251826823,4.217130813995997,0.0021421292518268224,1.9619635230965085,1.6463107308976552e-07,0.014793066322130807,0.004120169841282684,0.026227748848032206,0.004120169841282683,0.011434682525901331,8.253106983284406e-08,-0.0010916873118630007,0.0071187170678944705,-0.001349956280440286,0.007118717067894471,-0.00025826896857728974,2.201029340059922e-08,-0.001978049258953733,0.0005473459387548462,-0.003507002678331143,0.0005473459387548462,-0.0015289534193774065,1.2674756254253078e-08,0.30153373455007804,9.970527457765224e-05,0.5638482841352622,9.970527457765226e-05,0.26231454958518347,2.6408213223087364e-08,0.0003747720664378569,0.00013159489381331127,0.00037522638089437045,0.0001315948938133113,4.543144565142635e-07,7.4340819215784044e-09,-0.001132709100521101,-0.05020206091925279,-0.00013357544992198545,-0.04427906024089433,0.13370792302943102
23,240,0.24,0.13369999999999999,2.3544,0.31478328,True,1.4958333333333333,240,180,0.001631585299037397,0.019067369401454926,1.7859998706626357e-06,0.9999809265136719,0.00033724308013916016,2.3532289551364007,0.0024157042270980867,4.315192361672719,0.002415704227098086,1.9619634065363143,2.1935209825431206e-07,0.015444635482142829,0.0031422067871210812,0.02687931276159361,0.0031422067871210812,0.011434677279450828,6.58732378934963e-08,-0.0011443230376244145,0.007212230843866246,-0.0014025931464251092,0.007212230843866246,-0.0002582701088006919,2.488909613013412e-08,-0.0020651405237408094,0.0004169573112330083,-0.003594091614165033,0.00041695731123300825,-0.0015289510904242182,8.977072655572104e-09,0.3146458019812909,0.00013151795391754594,0.5769603446125984,0.00013151795391754594,0.2623145426313082,3.0781049568260086e-08,0.0003914291057488612,0.00011108629567929286,0.00039188323629938776,0.00011108629567929284,4.5413055052752803e-07,8.24849958461184e-09,-0.0011710448635993131,-0.049738568790320806,-0.00013747801870911402,-0.04367386308101054,0.13370811254659792
24,250,0.25,0.13369999999999999,2.4525,0.32789925,True,1.4958333333333333,240,180,0.0013351340312510729,0.016363155096769333,1.3935972447143286e-06,0.9999807476997375,0.00034546852111816406,2.4512808634175154,0.002518085107150078,4.413244342803955,0.0025180851071500776,1.9619634793864356,1.908363510197798e-07,0.016124663897789954,0.000552808308900617,0.027559317578561605,0.0005528083089006167,0.01143465368077159,6.693386585027744e-08,-0.0012111111951526286,0.006382963561950565,-0.0014686840663974484,0.006382963561950566,-0.00025757287124482294,3.344660938014593e-08,-0.0021560852606651443,7.337359642871789e-05,-0.0036850331496680157,7.337359642871793e-05,-0.001528947889002868,1.0910818873271986e-08,0.3277567328678254,0.00011694537416305125,0.5900712619225185,0.0001169453741630513,0.2623145290546947,2.877406090338868e-08,0.00040876098012476806,4.013631249743206e-05,0.00040921640356827993,4.013631249743201e-05,4.5542344351032526e-07,7.0062810478757955e-09,-0.0012191365824847367,-0.04970995239489242,-0.00014251713217455775,-0.04346369568535389,0.13370835539868534
25,260,0.26,0.13369999999999999,2.5506,0.34101522,True,1.4958333333333333,240,180,0.0014858855865895748,0.018582262098789215,1.7651744883551146e-06,0.9999806880950928,0.00035190582275390625,2.5493470264805707,0.0014867064434049,4.511310940980911,0.0014867064434049002,1.9619639145003425,1.959371342502835e-07,0.01681624119713289,0.0034112205824987575,0.028250888638043155,0.003411220582498758,0.011434647440910339,5.6143420389751103e-08,-0.0012241697610230991,0.006324250952382072,-0.0014817396292376847,0.0063242509523820725,-0.00025756986821458364,3.018517874049155e-08,-0.002248520111121853,0.0004519778581308004,-0.0037774679134599865,0.0004519778581308005,-0.0015289478023381283,1.0435892248305535e-08,0.34086800217628327,7.325769597635408e-05,0.6031825795769692,7.325769597635406e-05,0.26231457740068437,2.5294975677533113e-08,0.000426714915004016,0.00012740806132712553,0.00042716991410998164,0.00012740806132712553,4.5499910596744384e-07,7.161794848941433e-09,-0.0012529735194295455,-0.049124657705228,-0.00014721782371673875,-0.043170455476074863,0.13370796468100266
26,270,0.27,0.13369999999999999,2.6487000000000003,0.35413119,True,1.4958333333333333,240,180,0.0012648135889321566,0.012703809887170792,1.4065079767533462e-06,0.9999805688858032,0.00036025047302246094,2.6473825686507775,2.7355534358821377e-05,4.609345608949662,2.7355534358821356e-05,1.9619630402988857,1.8395557323085602e-07,0.01749388693262718,3.477161575731313e-05,0.02892854739135752,3.477161575731312e-05,0.011434660458730327,6.282986964915846e-08,-0.00134793496723028,4.056136942947149e-05,-0.0016062032547779382,4.056136942947147e-05,-0.00025826828754765705,2.2037163673261266e-08,-0.0023390484782996553,4.676367420909996e-06,-0.0038679979169198003,4.6763674209099995e-06,-0.0015289494386201519,8.475036774001487e-09,0.3539783934752144,3.268071221030849e-06,0.6162928735216459,3.2680712210308453e-06,0.2623144800464312,2.9597665240668e-08,0.0004436659992557486,7.963844585056282e-07,0.00044411366446486984,7.963844585056282e-07,4.4766520911960266e-07,1.0590669559556396e-08,-0.0013174313492227974,-0.04973879069818391,-0.00015279652478555894,-0.04314687017135061,0.13370881778360327
27,280,0.28,0.13369999999999999,2.7468000000000004,0.36724716,True,1.4958333333333333,240,180,0.0012043857714161277,0.011900150217115879,1.4637309959653066e-06,0.9999806880950928,0.0003666877746582031,2.7454341106944633,5.953777025231188e-07,4.707397150993347,5.953777025231188e-07,1.9619630402988857,1.8395557323085602e-07,0.01818542110009323,2.898513594116872e-07,0.029620081558823584,2.898513594116884e-07,0.011434660458730327,6.282986964915846e-08,-0.0014127866057808398,1.2884653860583024e-07,-0.0016710548933284977,1.2884653860583032e-07,-0.00025826828754765705,2.2037163673261266e-08,-0.0024316693358640775,2.8964532014268778e-08,-0.003960618774484222,2.896453201426874e-08,-0.0015289494386201519,8.475036774001487e-09,0.3670896733800569,8.96712091103709e-08,0.6294041534264883,8.967120911037056e-08,0.2623144800464312,2.9597665240668e-08,0.000461314793177632,2.1291650464122744e-08,0.00046176245838675336,2.1291650464122727e-08,4.4766520911960266e-07,1.0590669559556396e-08,-0.0013658893055370491,-0.04972656565956928,-0.00015748661994313684,-0.042883005533150165,0.13370915439205378
28,290,0.29,0.13369999999999999,2.8449,0.38036312999999994,True,1.4958333333333333,240,180,0.0012355296639725566,0.0123426653444767,1.4297545476438245e-06,0.9999804496765137,0.00037539005279541016,2.843486562040134,9.01437515958649e-06,4.80544972817103,9.014375159586475e-06,1.9619631661309136,2.0093809201680377e-07,0.018879036985648176,3.287506239628694e-05,0.030313678652358553,3.287506239628694e-05,0.011434641666710377,5.6103843098053557e-08,-0.0014882650693632715,4.582205343377329e-05,-0.001746536213613581,4.5822053433773285e-05,-0.0002582711442503043,2.5835865052412924e-08,-0.0025243314384068784,4.365269845685461e-06,-0.004053276924726863,4.365269845685464e-06,-0.0015289454863199757,7.464713194950723e-09,0.38020010698172685,5.627142371935711e-07,0.6425146140158177,5.627142371935708e-07,0.2623145070340898,3.341130233402127e-08,0.0004789208321014391,1.0333228409200059e-06,0.0004793738175067119,1.0333228409200063e-06,4.529854052748306e-07,9.765447038412675e-09,-0.0014134379598660374,-0.04968322119814536,-0.00016302301827308963,-0.042859837196389056,0.13370912739919627
29,300,0.3,0.13369999999999999,2.943,0.39347909999999997,True,1.4958333333333333,240,180,0.0012687910348176956,0.01285884715616703,1.4803096064497367e-06,0.9999803900718689,0.00038313865661621094,2.941537084844363,3.674538523182334e-05,4.903500491380692,3.6745385231823344e-05,1.9619634065363143,1.804296373844166e-07,0.019578095685897624,8.260718001064177e-05,0.031012741647039852,8.260718001064177e-05,0.01143464596114225,7.703364629790338e-08,-0.0015596899014781189,0.0001567072668982996,-0.001817953123342401,0.00015670726689829962,-0.0002582632218642781,1.621253531195435e-08,-0.002617799722874128,1.0966450760493802e-05,-0.004146745183970779,1.0966450760493814e-05,-0.001528945461096656,8.786618138716374e-09,0.3933102990190179,8.722483758345757e-06,0.6556248401602109,8.72248375834576e-06,0.2623145411411921,2.3804367414141805e-08,0.0004966523856465567,3.2820169262834798e-06,0.0004971069977424728,3.2820169262834798e-06,4.5461209591874445e-07,7.4109518206738645e-09,-0.0014629151556371234,-0.049708296148050404,-0.00016880098098209784,-0.04289960533662343,0.13370910774692069
30,310,0.31,0.13369999999999999,3.0411,0.40659506999999995,True,1.4958333333333333,240,180,0.001222980790771544,0.01279505342245102,1.4143794260235154e-06,0.9999802708625793,0.0003908872604370117,3.0395887136459483,0.0002129621523590416,5.0015523036321,0.00021296215235904156,1.9619635899861654,2.1547022552156396e-07,0.020276521205798547,0.0005359601543721678,0.031711175378101565,0.0005359601543721676,0.011434654172302949,6.307501690187985e-08,-0.001638139346485135,0.001368911285253856,-0.0018964163779552716,0.0013689112852538561,-0.0002582770314701419,2.7939913135422082e-08,-0.0027111782976943677,7.087315093187198e-05,-0.0042401270164797705,7.087315093187192e-05,-0.0015289487187854119,8.59294971024149e-09,0.4064223434362159,1.1285970559724655e-05,0.6687369130551815,1.1285970559724677e-05,0.2623145696189668,3.140562990291245e-08,0.0005144023408040748,1.2071444021227604e-05,0.0005148564186432243,1.2071444021227608e-05,4.5407783915152323e-07,7.616216312458398e-09,-0.001511286354051844,-0.04969538502686015,-0.0001727265637840314,-0.04248122432572324,0.13370965012852593
31,320,0.32,0.13369999999999999,3.1392,0.41971104,True,1.4958333333333333,240,180,0.001224735053256154,0.012259837239980698,1.4336318372443202e-06,0.9999802112579346,0.00040018558502197266,3.137641067637346,1.6973924794238786e-05,5.099604771534602,1.69739247942388e-05,1.9619637038972644,1.6427302889643646e-07,0.020974416782458594,5.610858980538332e-05,0.032409061258658764,5.610858980538331e-05,0.011434644476200144,6.155964921703938e-08,-0.0017209370782236776,4.781601373266228e-05,-0.001979208999546245,4.7816013732662276e-05,-0.00025827192132257755,2.7946804028020203e-08,-0.0028045388792331126,7.450562059343818e-06,-0.00433348654769361,7.450562059343819e-06,-0.0015289476684605082,9.649839322333847e-09,0.4195338175528589,2.290691135706498e-06,0.6818484050532182,2.2906911357064937e-06,0.2623145875003603,2.4802503336509078e-08,0.0005323584715414282,1.710043075289956e-06,0.000532812988240039,1.7100430752899549e-06,4.545166986089397e-07,7.586269893942046e-09,-0.0015589323626543639,-0.04966017974816398,-0.00017722244714107882,-0.042224871459440004,0.13370994594635685
32,330,0.33,0.13369999999999999,3.2373000000000003,0.43282701,True,1.4958333333333333,240,180,0.0012486801715567708,0.01362126786261797,1.591780460330483e-06,0.9999799728393555,0.00040853023529052734,3.235690269205301,0.0007912282660453914,5.197654016812643,0.0007912282660453914,1.961963747607337,1.83898021167742e-07,0.0216758330870006,0.0056725152499131695,0.03311048783361912,0.00567251524991317,0.011434654746618535,6.776283366890218e-08,-0.0018035776501569116,0.006504521170500571,-0.00206184566865583,0.006504521170500569,-0.00025826801849891326,2.173528157133578e-08,-0.002898289195662883,0.000752780757603706,-0.004427237115063084,0.0007527807576037061,-0.001528947919400202,9.725053985433594e-09,0.43264487021499337,0.0001444398370550386,0.6949594621857007,0.00014443983705503868,0.2623145919707086,2.6122744678950912e-08,0.0005502469264102815,0.00019920050630310672,0.0005507037662027869,0.00019920050630310672,4.568397925039689e-07,6.8047084427807515e-09,-0.0016097307946991712,-0.0497244862910194,-0.00018213978500664085,-0.042081427637023126,0.13371022385317885
33,340,0.34,0.13369999999999999,3.3354000000000004,0.44594298,True,1.4958333333333333,240,180,0.001353970728814602,0.015520056709647179,1.8743504597296123e-06,0.9999798536300659,0.00041747093200683594,3.333737191226766,0.0013663029563481435,5.295700357357661,0.0013663029563481435,1.9619631661309136,2.0093809201680377e-07,0.02233664010030528,0.009693935085340956,0.03377128176701565,0.009693935085340957,0.011434641666710377,5.6103843098053557e-08,-0.0019367430048302112,0.011506065139771754,-0.002195014149080521,0.011506065139771754,-0.0002582711442503043,2.5835865052412924e-08,-0.002986692502680742,0.0012862863495129884,-0.004515637989000728,0.0012862863495129882,-0.0015289454863199757,7.464713194950723e-09,0.4457575664752049,0.00023444640056842015,0.7080720735092958,0.00023444640056842017,0.2623145070340898,3.341130233402127e-08,0.0005669029944741081,0.0003338336890745253,0.0005673559798793804,0.0003338336890745254,4.529854052748306e-07,9.765447038412675e-09,-0.0016628087732342145,-0.049853354117473596,-0.0001854135247950639,-0.041577854817910556,0.13371106986126063
34,350,0.35000000000000003,0.13369999999999999,3.4335000000000004,0.45905895,True,1.4958333333333333,240,180,0.0012192828580737114,0.01214805617928505,1.5533165651504532e-06,0.9999798536300659,0.0004266500473022461,3.4317961083518322,0.0022621494681783053,5.393759274482727,0.002262149468178307,1.9619631661309136,2.0093809201680377e-07,0.023084824912560482,0.00824878752071129,0.03451946657927086,0.00824878752071129,0.011434641666710377,5.6103843098053557e-08,-0.0019817268201020597,0.012225082440735174,-0.0022399979643523693,0.012225082440735176,-0.0002582711442503043,2.5835865052412924e-08,-0.00308667688352417,0.001094440047029305,-0.004615622369844156,0.0010944400470293046,-0.0015289454863199757,7.464713194950723e-09,0.45886785669459135,0.00024145544058211155,0.7211823637286822,0.00024145544058211169,0.2623145070340898,3.341130233402127e-08,0.0005860992302402249,0.0002903846224935823,0.0005865522156454972,0.00029038462249358254,4.529854052748306e-07,9.765447038412675e-09,-0.0017038916481681987,-0.04962550307756512,-0.00019109330540867386,-0.041627182175333656,0.13371069906451086
35,360,0.36,0.13369999999999999,3.5316,0.47217491999999994,True,1.4958333333333333,240,180,0.0012874312233179808,0.015971357002854347,1.8927407836599741e-06,0.9999796748161316,0.0004363059997558594,3.52984817624094,0.004004167624740038,5.491812094052633,0.0040041676247400395,1.9619639178117116,2.2016293289018435e-07,0.023805343401100805,0.0119538117835913,0.035239990800619125,0.0119538117835913,0.011434647399518225,6.621348784402554e-08,-0.002073965626186679,0.01912796399935602,-0.0023315434479930747,0.019127963999356016,-0.0002575778218063836,2.985455083093453e-08,-0.0031829407480674556,0.0015843013169123791,-0.004711887388839387,0.00158430131691238,-0.001528946640771917,9.043078896624837e-09,0.4719783567720003,0.00027227354965795247,0.7342929368217787,0.00027227354965795236,0.2623145800497797,2.7708163203335548e-08,0.0006047597604009552,0.0004312181611706118,0.0006052143492524919,0.0004312181611706119,4.545888515394836e-07,7.270042860510239e-09,-0.0017518237590601338,-0.04960425187054405,-0.00019656322799965764,-0.04162932414954561,0.13371066777003046
36,370,0.37,0.13369999999999999,3.6297,0.48529089,True,1.4958333333333333,240,180,0.0011772217694669962,0.012890065088868141,1.6712235719751334e-06,0.9999797344207764,0.0004413127899169922,3.627899484501962,0.0009121317100286477,5.589862793684006,0.0009121317100286477,1.9619633091820612,2.2501852612226554e-07,0.024519410845823632,0.006110133186407108,0.03595408470525096,0.006110133186407106,0.011434673859427372,6.11082727147931e-08,-0.0021481233975565515,0.007091093432131901,-0.0024063906971908485,0.007091093432131901,-0.000258267299634301,2.3369370385980107e-08,-0.0032785512901480395,0.0008083603388846153,-0.004807500201665486,0.0008083603388846155,-0.0015289489115174447,8.942048511278656e-09,0.48509084888630694,0.00019684835508727668,0.7474053757886092,0.00019684835508727654,0.2623145269023048,3.240611951700966e-08,0.0006227325937309231,0.00023704072590165017,0.0006231876851719183,0.00023704072590164995,4.5509144099595586e-07,9.283177040180573e-09,-0.0018005154980382798,-0.04960507750057249,-0.00020004111369303912,-0.04122086728086718,0.13371121525239837
37,380,0.38,0.13369999999999999,3.7278000000000002,0.49840685999999995,True,1.4958333333333333,240,180,0.0012151888804510236,0.012370306998491287,1.5367172636615578e-06,0.9999794363975525,0.00044929981231689453,3.725949703322535,0.0020411224855008637,5.687913310527802,0.0020411224855008637,1.961963607205285,2.1287129999429622e-07,0.025236280280579358,0.011171880414997606,0.036670947020562984,0.0111718804149976,0.011434666739983692,5.639608275898048e-08,-0.002236044530420467,0.0149053031419408,-0.002494316598555694,0.014905303141940798,-0.0002582720681352334,2.4434703622182398e-08,-0.003374290469218985,0.0014814848573639304,-0.004903242173410641,0.0014814848573639287,-0.0015289517041916648,1.0005214941001169e-08,0.49820121261808786,0.00025313639677858964,0.7605157787601153,0.00025313639677858936,0.26231456614202925,2.7432204496842828e-08,0.0006410542358425333,0.00039895185651958923,0.0006415089046640787,0.00039895185651958923,4.5466882154540954e-07,8.921402476078814e-09,-0.0018502966774653906,-0.04963508443224933,-0.00020564738191208853,-0.041260945307231234,0.1337112017840251
38,390,0.39,0.13369999999999999,3.8259000000000003,0.51152283,True,1.4958333333333333,240,180,0.001233934424817562,0.012560511939227581,1.6545154721825384e-06,0.9999793767929077,0.0004583597183227539,3.8239974531862586,0.0015912259893150842,5.785961165030797,0.0015912259893150836,1.9619637118445503,2.3011199967094357e-07,0.02591903069211791,0.010447340656358377,0.03735367422147343,0.010447340656358377,0.011434643529355526,6.221044125648401e-08,-0.0023863839116933707,0.013109928230125219,-0.0026439488616839904,0.013109928230125217,-0.00025756494999061233,2.7334968721453208e-08,-0.003465645508711334,0.0013857239165027517,-0.004994592186994851,0.0013857239165027521,-0.001528946678283521,1.057571059839333e-08,0.5113148529496432,0.0002567647953018562,0.7736294093231361,0.0002567647953018561,0.2623145563734902,2.4749097561271877e-08,0.0006580801511717043,0.0003678431371625281,0.000658536606412478,0.00036784313716252794,4.5645524077523684e-07,6.560232634980125e-09,-0.00190254681374169,-0.04972808525423273,-0.00020797705035680014,-0.04065841017434161,0.13371213218868694
39,400,0.4,0.13369999999999999,3.9240000000000004,0.5246388,True,1.4958333333333333,240,180,0.0012641077628359199,0.013960176147520542,1.7058738421837916e-06,0.9999792575836182,0.00046813488006591797,3.92205450269909,0.001604438697437298,5.884018375476201,0.0016044386974372986,1.9619638727770912,2.9609602858707605e-07,0.026696619611336805,0.010218854422429112,0.038131303270347416,0.010218854422429112,0.011434683659010464,6.585719447217758e-08,-0.0024225469059375527,0.012636893364132479,-0.002680824643660647,0.012636893364132479,-0.0002582777377230943,2.825752592310291e-08,-0.0035695579614386675,0.001356142240393632,-0.00509851238069435,0.001356142240393632,-0.0015289544192556707,1.0727256260924669e-08,0.5244250244564496,0.0002518437831234606,0.786739627023538,0.0002518437831234606,0.26231460256708994,3.584832077893125e-08,0.0006782096610152172,0.0003629165076402973,0.0006786625623741808,0.00036291650764029733,4.5290135896417876e-07,8.788373837124356e-09,-0.001945497300910315,-0.04957944191922311,-0.00021377554355039852,-0.04074718521588539,0.13371181458481757
40,410,0.41000000000000003,0.13369999999999999,4.022100000000001,0.53775477,True,1.4958333333333333,240,180,0.0012271105078980327,0.012569521553814411,1.545061650176649e-06,0.9999791383743286,0.0004754066467285156,4.020106820265475,0.0017678872279061524,5.982070738077164,0.001767887227906152,1.9619639178117116,2.2016293289018435e-07,0.027417874245697322,0.012380228646867669,0.03885252164521565,0.012380228646867672,0.011434647399518225,6.621348784402554e-08,-0.0025219063885742743,0.015812241094905824,-0.0027794842103806634,0.015812241094905834,-0.0002575778218063836,2.985455083093453e-08,-0.0036659925189774507,0.0016419172018621617,-0.0051949391597493864,0.001641917201862161,-0.001528946640771917,9.043078896624837e-09,0.53753724553519,0.0003191573259775507,0.7998518255849679,0.00031915732597755087,0.2623145800497797,2.7708163203335548e-08,0.0006964853558552432,0.0004348089437293539,0.0006969399447067796,0.000434808943729354,4.545888515394836e-07,7.270042860510239e-09,-0.0019931797345256186,-0.049555698130966865,-0.00021752446481004828,-0.04045049471342639,0.133712179692701
41,420,0.42,0.13369999999999999,4.1202,0.5508707399999999,True,1.4958333333333333,240,180,0.001247865380719304,0.012785257771611214,1.634281943552196e-06,0.9999790787696838,0.00048339366912841797,4.118158817291284,0.0014050993049049612,6.080122735102972,0.0014050993049049604,1.9619639178117116,2.2016293289018435e-07,0.028155167116266054,0.01446428498851476,0.03958981451578438,0.014464284988514766,0.011434647399518225,6.621348784402554e-08,-0.0026151014365799067,0.016736229599667307,-0.002872679258386294,0.016736229599667307,-0.0002575778218063836,2.985455083093453e-08,-0.0037645952614386276,0.0019187610230438031,-0.005293541902210564,0.001918761023043803,-0.001528946640771917,9.043078896624837e-09,0.5506481082075189,0.0003947716689598143,0.8129626882572969,0.00039477166895981444,0.2623145800497797,2.7708163203335548e-08,0.0007154793539835238,0.0004958450007794571,0.0007159339428350601,0.0004958450007794569,4.545888515394836e-07,7.270042860510239e-09,-0.002041182708715894,-0.04954086473268031,-0.00022263179248105391,-0.04041452491759754,0.1337122079642638
42,430,0.43,0.13369999999999999,4.2183,0.56398671,True,1.4958333333333333,240,180,0.0012106816284358501,0.013209975324571133,1.408204070685315e-06,0.9999788999557495,0.0004934072494506836,4.2162128786246145,0.0015701715612488974,6.1781766752401985,0.0015701715612488972,1.9619637966156005,1.879169580254268e-07,0.028892165251697056,0.007129194107716493,0.04032678613439202,0.0071291941077164965,0.01143462088269492,5.957890712376131e-08,-0.002719707322022353,0.008524556886721461,-0.0029772744189055325,0.008524556886721463,-0.0002575670968831724,2.81190368763013e-08,-0.0038631192557254815,0.0009459340422329105,-0.0053920637078893685,0.0009459340422329103,-0.0015289444521638669,7.651666622721119e-09,0.5637613731126017,0.00018527487136204413,0.826075938095649,0.00018527487136204407,0.26231456498305,1.994852443542025e-08,0.0007334461071374018,0.00025370570360128554,0.0007339030678849667,0.0002537057036012855,4.5696074756228376e-07,6.256666446474809e-09,-0.002087121375385692,-0.04947778430613498,-0.0002253368873983419,-0.03995429030558927,0.13371273921455984
43,440,0.44,0.13369999999999999,4.316400000000001,0.57710268,True,1.4958333333333333,240,180,0.0012623186921700835,0.013112462125718594,1.5389372265417478e-06,0.9999788999557495,0.0005016326904296875,4.314265127314457,0.0021747927386630422,6.276229023933411,0.002174792738663043,1.961963896618949,1.9778215633351501e-07,0.02962109368915371,0.015901680823592734,0.041055743924031655,0.015901680823592734,0.011434650234878063,6.316693514075029e-08,-0.0028217612220841,0.01913064211231816,-0.0030800482413421075,0.01913064211231816,-0.00025828701925800286,3.230746204889268e-08,-0.003960613694572316,0.002108125262153383,-0.005489567359715389,0.0021081252621533834,-0.0015289536651430858,1.0152581548470367e-08,0.5768721092078403,0.0003721842966239366,0.8391867081324259,0.0003721842966239368,0.26231459892458386,2.315572095263602e-08,0.0007516669560148343,0.0005547790509306254,0.0007521191855630605,0.000554779050930625,4.522295482287417e-07,7.286020669841826e-09,-0.002134872685543243,-0.04945956550697903,-0.0002305707921597122,-0.03995316607431319,0.13371271634549067
44,450,0.45,0.13369999999999999,4.4145,0.59021865,True,1.4958333333333333,240,180,0.0012095327256247401,0.012346826493740082,1.507247134213685e-06,0.99997878074646,0.0005080699920654297,4.4123161004649285,0.0016078866922815108,6.374279443422953,0.0016078866922815105,1.9619633429580265,2.1843328289484862e-07,0.030367691866639467,0.011342521754339835,0.041802365720892944,0.011342521754339831,0.011434673854253358,6.93281135227069e-08,-0.0029143963691441997,0.014243664711573713,-0.0031726739718578754,0.014243664711573728,-0.00025827760271365856,3.994790573307208e-08,-0.0040603720156165285,0.0015055459094754614,-0.005589325578572849,0.0015055459094754616,-0.0015289535629563033,9.6200783511402e-09,0.5899837713274709,0.00028919616945145176,0.8522983046869437,0.0002891961694514519,0.26231453335947463,3.375727049627813e-08,0.0007708154469709254,0.0004004706299208718,0.0007712663376878481,0.00040047062992087153,4.5089071692119533e-07,8.67550629704756e-09,-0.0021838995350718093,-0.049471050743500035,-0.0002348786725290264,-0.03979519666635854,0.1337129430199491
45,460,0.46,0.13369999999999999,4.512600000000001,0.60333462,True,1.4958333333333333,240,180,0.0014266088837757707,0.01565440185368061,1.667286937845347e-06,0.9999786615371704,0.0005193948745727539,4.510360546244524,0.0022604734929808413,6.472324011723201,0.0022604734929808413,1.9619634654786853,2.0741855867674965e-07,0.031067803223979718,0.012379434932253372,0.04250247991876677,0.012379434932253377,0.011434676694787212,7.657529724191784e-08,-0.0030905159374621243,0.016309592101725123,-0.0033487960220857835,0.016309592101725126,-0.00025828008462364473,3.9105595219635795e-08,-0.004154142714590616,0.0016417681244508269,-0.005683095633382133,0.0016417681244508266,-0.0015289529187915226,1.2169475187267335e-08,0.6030972700152109,0.00029927503917912197,0.8654118197659652,0.00029927503917912186,0.2623145497507519,3.1510782975819205e-08,0.0007873167552798726,0.00043830594872815653,0.0007877699847388916,0.00043830594872815653,4.5322945901994496e-07,7.771286342885544e-09,-0.002239453755477072,-0.04962668429457678,-0.00023734998478919245,-0.03933969258869853,0.1337137605368089
46,470,0.47000000000000003,0.13369999999999999,4.6107000000000005,0.61645059,True,1.4958333333333333,240,180,0.0012166948290541768,0.013810074888169765,1.1982991736658732e-06,0.9999786019325256,0.0005271434783935547,4.608422046899805,0.00020781446272811268,6.570385984579722,0.00020781446272811278,1.9619639376799265,1.72899966929719e-07,0.03187153108107552,0.00045423167913629075,0.04330619027217229,0.0004542316791362909,0.011434659191096822,6.617327362866608e-08,-0.00313075389551362,0.0010253459298028933,-0.00338904031959828,0.001025345929802893,-0.00025828642408467004,3.5263850030991284e-08,-0.004261486608690281,6.144022156013417e-05,-0.0057904403656721115,6.144022156013418e-05,-0.0015289537569818398,1.0120008401668714e-08,0.6162080080972803,7.889777059881814e-05,0.8785226136445999,7.889777059881822e-05,0.26231460554732217,2.129528670752091e-08,0.0008086140180283677,4.12301883513758e-05,0.0008090665049773331,4.123018835137579e-05,4.52486948966503e-07,7.331851864343379e-09,-0.0022779531001955178,-0.04940579738858563,-0.00024258190271975177,-0.039351394362320546,0.13371344938162033
47,480,0.48,0.13369999999999999,4.7088,0.62956656,True,1.4958333333333333,240,180,0.0012286698911339045,0.012776052579283714,1.2844420780311339e-06,0.9999784231185913,0.0005365610122680664,4.70647353927295,0.0020710807420729256,6.6684373358885445,0.0020710807420729247,1.9619637966156005,1.879169580254268e-07,0.032616158745561986,0.013010940675027957,0.04405077962825696,0.013010940675027945,0.01143462088269492,5.957890712376131e-08,-0.0032485409039913395,0.01660606361853127,-0.003506108000874519,0.016606063618531258,-0.0002575670968831724,2.81190368763013e-08,-0.004361046950927816,0.001725472201395689,-0.005889991403091699,0.0017254722013956873,-0.0015289444521638669,7.651666622721119e-09,0.6293210471669848,0.000303353024003828,0.8916356121500333,0.0003033530240038282,0.26231456498305,1.994852443542025e-08,0.0008278541905486059,0.00045743589264496105,0.000828311151296172,0.00045743589264496116,4.5696074756228376e-07,6.256666446474809e-09,-0.002326460727050339,-0.049406658321660274,-0.00024551283301521565,-0.038997120974026266,0.13371392443102983
48,490,0.49,0.13369999999999999,4.8069,0.6426825299999999,True,1.4958333333333333,240,180,0.0012364871799945831,0.012905814684927464,1.3962038565296098e-06,0.999978244304657,0.0005446672439575195,4.804526493946715,1.2866098818673911e-05,6.766490290562312,1.2866098818673962e-05,1.9619637966156005,1.879169580254268e-07,0.033381816263621,7.462746237043828e-05,0.044816437146315974,7.46274623704382e-05,0.01143462088269492,5.957890712376131e-08,-0.0033499601667345835,3.358812267719981e-05,-0.003607527263617764,3.358812267719982e-05,-0.0002575670968831724,2.81190368763013e-08,-0.004463268666424672,9.91731086157522e-06,-0.005992213118588552,9.917310861575222e-06,-0.0015289444521638669,7.651666622721119e-09,0.6424306196471068,2.07103003276953e-06,0.9047451846301555,2.071030032769521e-06,0.26231456498305,1.994852443542025e-08,0.0008477101555502307,2.1259849852574e-06,0.000848167116297797,2.1259849852574007e-06,4.5696074756228376e-07,6.256666446474809e-09,-0.0023735060532850127,-0.049377063248351595,-0.00025191035289306996,-0.03919670150253968,0.13371361786775732
49,500,0.5,0.13369999999999999,4.905,0.6557985,True,1.4958333333333333,240,180,0.0012215961469337344,0.012714451178908348,1.3860083072358975e-06,0.9999781847000122,0.0005553960800170898,4.902580964565279,3.4349022123417087e-06,6.864544761180878,3.434902212341716e-06,1.9619637966156005,1.879169580254268e-07,0.03414522538272039,2.9836473357554627e-05,0.04557984626541535,2.9836473357554627e-05,0.01143462088269492,5.957890712376131e-08,-0.0034782069309989634,1.3090780679862125e-05,-0.003735774027882144,1.3090780679862129e-05,-0.0002575670968831724,2.81190368763013e-08,-0.004565401661804762,3.9753495421698015e-06,-0.0060943461139686406,3.975349542169802e-06,-0.0015289444521638669,7.651666622721119e-09,0.6555443557600192,8.121671561055431e-07,0.9178589207430681,8.121671561055454e-07,0.26231456498305,1.994852443542025e-08,0.0008673079534473316,8.642665393580207e-07,0.0008677649141948981,8.642665393580213e-07,4.5696074756228376e-07,6.256666446474809e-09,-0.0024190354347215504,-0.04931774586588278,-0.00025414423998071367,-0.038753403672120885,0.13371413149484776
