env_id,mass_g,mass_kg,commanded_roll_deg,commanded_tilt_deg,actual_roll_deg,actual_tilt_deg,sample_max_combined_inclination_deg,sample_max_required_static_friction,bending_lever_arm_m,payload_normal_offset_m,settled,settle_time_s,sample_count,tare_sample_count,sample_max_relative_speed_m_s,sample_max_relative_angular_speed_rad_s,sample_max_position_error_m,sample_max_tangent_displacement_m,sample_max_payload_tool_angle_deg,sample_min_width_edge_margin_m,sample_min_length_edge_margin_m,force_direction_error_deg,moment_direction_error_deg,force_vector_error_N,moment_vector_error_Nm,nominal_expected_Fx_N,expected_Fx_N,Fx_N,Fx_std_N,Fx_error_N,raw_Fx_N,raw_Fx_std_N,tare_Fx_N,tare_Fx_std_N,expected_tare_Fx_N,tare_Fx_error_N,nominal_expected_Fy_N,expected_Fy_N,Fy_N,Fy_std_N,Fy_error_N,raw_Fy_N,raw_Fy_std_N,tare_Fy_N,tare_Fy_std_N,expected_tare_Fy_N,tare_Fy_error_N,nominal_expected_Fz_N,expected_Fz_N,Fz_N,Fz_std_N,Fz_error_N,raw_Fz_N,raw_Fz_std_N,tare_Fz_N,tare_Fz_std_N,expected_tare_Fz_N,tare_Fz_error_N,nominal_expected_Mx_Nm,expected_Mx_Nm,Mx_Nm,Mx_std_Nm,Mx_error_Nm,raw_Mx_Nm,raw_Mx_std_Nm,tare_Mx_Nm,tare_Mx_std_Nm,expected_tare_Mx_Nm,tare_Mx_error_Nm,nominal_expected_My_Nm,expected_My_Nm,My_Nm,My_std_Nm,My_error_Nm,raw_My_Nm,raw_My_std_Nm,tare_My_Nm,tare_My_std_Nm,expected_tare_My_Nm,tare_My_error_Nm,nominal_expected_Mz_Nm,expected_Mz_Nm,Mz_Nm,Mz_std_Nm,Mz_error_Nm,raw_Mz_Nm,raw_Mz_std_Nm,tare_Mz_Nm,tare_Mz_std_Nm,expected_tare_Mz_Nm,tare_Mz_error_Nm
0,500,0.5,-10.0,-10.0,-10.382213592529297,-9.969038009643555,14.355506896972656,0.25592851638793945,0.13369999999999999,0.026000000000000002,True,1.4958333333333333,240,180,0.001902444870211184,0.021090403199195862,0.000127345701912418,0.0001273441012017429,0.05595291033387184,0.03990895301103592,0.09991096705198288,0.0076213991040362875,0.008414016828041,0.0023728861590278745,0.0003114175155490011,4.75709615247744,4.751697897911072,4.749355579747094,0.0025434866743905644,-0.0023423181639774526,6.650208137432734,0.0025434866743905653,1.90085255768564,1.5454914677183041e-07,1.9008874893188477,-3.4931633207557766e-05,0.8388044015062024,0.8721855282783508,0.8724121009310097,0.00643384800457123,0.00022657265265890736,1.2191840941707293,0.006433848004571232,0.3467719932397207,6.657297270963274e-08,0.34665656089782715,0.0001154323418935399,0.8517443114562934,0.8483491837978363,0.8480445542269236,0.01388746536888389,-0.0003046295709127067,1.1884792124231656,0.013887465368883892,0.34043465819623736,3.462199456745222e-08,0.3404407501220703,-6.091925832951706e-06,-0.11214814848137925,-0.11661097407341003,-0.1166418191666408,0.0008500397609539237,-3.084509323077189e-05,-0.16300575155764818,0.0008500397609539242,-0.046363932391007744,7.973344560292042e-09,-0.04634798318147659,-1.5949209531150588e-05,0.6138784034883701,0.6128017604351044,0.6124921861622042,0.00021397589588396324,-0.00030957427290012607,0.8666359280546506,0.00021397589588396322,0.25414374189244376,3.432091585945219e-08,0.2541486620903015,-4.920197857749553e-06,0.021808914439161265,0.023067644331604242,0.02308154464716381,0.000271398806989778,1.3900315559568777e-05,0.023081965604797007,0.000271398806989778,4.209576331959397e-07,1.5980050121769574e-09,0.0,4.209576331959397e-07
1,500,0.5,-5.0,-10.0,-5.381518363952637,-9.968751907348633,11.315674781799316,0.200103759765625,0.13369999999999999,0.026000000000000002,True,1.4958333333333333,240,180,0.0017020818777382374,0.01737583428621292,9.979843889595941e-05,9.979843162000179e-05,0.06852804124355316,0.03995291143655777,0.09991201013326645,0.007461673468536622,0.008015571300656926,0.0023788138249720447,0.00030744610799326435,4.812100586043946,4.809645652770996,4.807323888275359,1.2430434167476544e-05,-0.0023217644956368133,6.731166273355484,1.2430434167476544e-05,1.9238423850801256,2.124108308877113e-07,1.923867106437683,-2.4721357557488943e-05,0.4210042490253005,0.4546489119529724,0.45506454176373157,2.6685181367604318e-05,0.00041562981075915495,0.6348477333784104,2.66851813676043e-05,0.17978319161468082,7.139611585162445e-08,0.17966526746749878,0.00011792414718203581,0.8517443114562934,0.8483129739761353,0.8480040780372063,4.3238856213854227e-05,-0.0003088959389289103,1.188438599805037,4.323885621385412e-05,0.3404345217678282,5.5464059675893476e-08,0.34044063091278076,-6.1091449525818575e-06,-0.05628826809468267,-0.06078667938709259,-0.06084260726347566,3.5183994139255363e-06,-5.5927876383067565e-05,-0.0848801621235907,3.5183994139255363e-06,-0.02403755486011505,1.0783984015134139e-08,-0.024021245539188385,-1.630932092666626e-05,0.6212324962562119,0.6205496788024902,0.6202476567692238,1.5069971000685476e-06,-0.00030202203326645805,0.8774651795625686,1.5069971000685476e-06,0.257217522793346,3.373153790808226e-08,0.2572210431098938,-3.5203165478225884e-06,0.010946110474657813,0.012006583623588085,0.012019920541713379,7.828433599174973e-07,1.333691812529375e-05,0.012020340325155606,7.828433599174969e-07,4.1978344221939144e-07,7.030245399101479e-09,0.0,4.1978344221939144e-07
2,500,0.5,0.0,-10.0,-0.38079631328582764,-9.96889591217041,9.976143836975098,0.1758967936038971,0.13369999999999999,0.026000000000000002,True,1.4958333333333333,240,180,0.0014738430036231875,0.014695359393954277,0.00012160270125605166,0.00012160265760030597,0.07912936061620712,0.03997977823019028,0.09988009929656982,0.007231664233990007,0.00771898052619911,0.0023864778867557007,0.00030913152007738375,4.83048202852488,4.830965995788574,4.828677499956559,1.7054199910960988e-05,-0.0022884958320155135,6.760868450005849,1.7054199910961066e-05,1.9321909500492944,1.6922845029603037e-07,1.932205080986023,-1.4130936728529164e-05,-0.0,0.033643245697021484,0.034240685781050176,4.303052136226078e-05,0.0005974400840286914,0.04566682032309473,4.303052136226078e-05,0.011426134542044665,8.351418300241176e-08,0.011306405067443848,0.00011972947460081769,0.8517443114562934,0.8483297824859619,0.8480117748181025,7.666097664753907e-05,-0.00031800766785938794,1.1884462664524713,7.66609766475392e-05,0.3404344916343689,4.443908711837188e-08,0.3404405117034912,-6.020069122314453e-06,0.0,-0.0044847819954156876,-0.004564826609566814,5.713402090410145e-06,-8.004461415112626e-05,-0.006093039317056537,5.713402090410147e-06,-0.0015282127074897288,1.1657503294945938e-08,-0.0015116663416847587,-1.6546365804970178e-05,0.6236900951159128,0.6244022846221924,0.6241042045255505,8.884824283933322e-07,-0.00029808009664189505,0.8824379446605841,8.884824283933327e-07,0.2583337401350339,2.919254549978404e-08,0.25833582878112793,-2.088646094022817e-06,-0.0,0.0007370915845967829,0.000754510322688555,1.4165235934041315e-06,1.741873809177211e-05,0.0007549409545996847,1.4165235934041311e-06,4.306319111277743e-07,8.283495674119798e-09,0.0,4.306319111277743e-07
3,500,0.5,5.0,-10.0,4.620162010192871,-9.96884822845459,10.977627754211426,0.19397467374801636,0.13369999999999999,0.026000000000000002,True,1.4958333333333333,240,180,0.0011793454177677631,0.011711688712239265,2.952525574073661e-05,2.952513204945717e-05,0.03956468030810356,0.039980605244636536,0.09997774660587311,0.00691855900045641,0.007418705249307334,0.002391140325486702,0.0003093273044445646,4.812100586043946,4.815507411956787,4.813267123036904,9.873222239065098e-07,-0.002240288919883149,6.739101850986481,9.87322223906512e-07,1.9258347279495662,2.435242812284601e-07,1.9258379936218262,-3.265672259944452e-06,-0.4210042490253005,-0.38764333724975586,-0.38687389617165036,3.896614977590696e-07,0.0007694410781055039,-0.5438924295206865,3.896614977590696e-07,-0.15701853334903718,8.109250044985623e-08,-0.15713894367218018,0.00012041032314299982,0.8517443114562934,0.8483240604400635,0.8479975362618756,2.44715187215615e-07,-0.0003265241781879036,1.1884323701262474,2.4471518721561504e-07,0.34043483386437096,5.997601687162554e-08,0.34044063091278076,-5.797048409805772e-06,0.05628826809468267,0.05182010680437088,0.051716904497394835,4.975402963662236e-08,-0.00010320230697604543,0.07270971601828932,4.975402963662243e-08,0.02099281152089437,1.2297840269284975e-08,0.021009476855397224,-1.666533450285501e-05,0.6212324962562119,0.6218634843826294,0.6215727844999903,1.3642142929870632e-07,-0.0002906998826390783,0.8790567693610986,1.3642142929870664e-07,0.257483984861109,3.8935785757069664e-08,0.2574845254421234,-5.405810143965795e-07,-0.010946110474657813,-0.010023963637650013,-0.010001023643243115,2.0284803751993868e-08,2.2939994406898437e-05,-0.010000598973905046,2.028480375199379e-08,4.2466933807519226e-07,5.729002128613905e-09,0.0,4.2466933807519226e-07
4,500,0.5,10.0,-10.0,9.621011734008789,-9.968850135803223,13.820466995239258,0.24600179493427277,0.13369999999999999,0.026000000000000002,True,1.4958333333333333,240,180,0.0008040951215662062,0.008795219473540783,0.0001221129932673648,0.00012211296416353434,0.07912936061620712,0.039916299283504486,0.09991108626127243,0.006513516033580784,0.006820956842928922,0.002385791534618053,0.0003111404399412412,4.75709615247744,4.76338005065918,4.761207803090403,0.00010520100240583292,-0.002172247568776875,6.666028587023417,0.0001052010024058328,1.9048207839330038,2.3214241656371145e-07,1.904813528060913,7.255872090716764e-06,-0.8388044015062024,-0.8059659004211426,-0.8050374002920276,5.951860562644686e-05,0.0009285001291149397,-1.1293087974190712,5.9518605626446896e-05,-0.3242713971270455,8.60600863188702e-08,-0.32439160346984863,0.0001202063428031308,0.8517443114562934,0.8483250141143799,0.8479915036095503,8.707582478328827e-05,-0.00033351050482954836,1.1884268755714098,8.707582478328849e-05,0.3404353719618585,6.97586120440815e-08,0.34044110774993896,-5.735788080440951e-06,0.11214814848137925,0.10775692760944366,0.10763270494838524,8.05911538590375e-06,-0.0001242226610584235,0.15098722521215677,8.05911538590375e-06,0.043354520263771214,1.377580972416146e-08,0.043371155858039856,-1.6635594268642195e-05,0.6138784034883701,0.614363431930542,0.6140790697601091,1.6825337996260953e-05,-0.000284362170432928,0.8687535469730695,1.6825337996260885e-05,0.2546744772129589,4.597900203052043e-08,0.254673570394516,9.068184428917547e-07,-0.021808914439161265,-0.02139095589518547,-0.02136825655878399,1.740656144944002e-06,2.2699336401480613e-05,-0.021367811178788543,1.7406561449440058e-06,4.4537999552100395e-07,7.76847401987059e-09,0.0,4.4537999552100395e-07
5,500,0.5,-10.0,-5.0,-10.378055572509766,-4.968571662902832,11.494421005249023,0.20335006713867188,0.13369999999999999,0.026000000000000002,True,1.4958333333333333,240,180,0.0017248394433408976,0.01945345103740692,0.00010210680920863524,0.00010210568143520504,0.05595291033387184,0.039908163249492645,0.09995534271001816,0.006463220904780004,0.006782917347926832,0.0023794042681810944,0.00031099480062981254,4.812100586043946,4.806409817934036,4.804040465752295,0.0044058198555037105,-0.002369352181741391,6.726878768205642,0.004405819855503712,1.922838302453359,1.9443671710205753e-07,1.922867774963379,-2.947251001983453e-05,0.8485031672025637,0.8818616092205047,0.8819887040389861,0.0059219660639900345,0.00012709481848138804,1.2326335112253826,0.005921966063990035,0.3506448071863916,6.13411728125478e-08,0.3505285382270813,0.00011626895931032832,0.4274989181772633,0.42400327771902085,0.4238255649805047,0.016583226826315217,-0.00017771273851613367,0.594564471145471,0.016583226826315207,0.17073890616496404,3.246773260792869e-08,0.17074275016784668,-3.8440028826414174e-06,-0.11344487345498275,-0.11790453437715769,-0.11792208635144805,0.0007795902340804178,-1.755197429036126e-05,-0.16480364861587685,0.0007795902340804177,-0.046881562264429195,1.1442020293452585e-08,-0.046865664422512054,-1.5897841917140998e-05,0.6322628764814666,0.6313572973012924,0.6310468471712533,0.00010436051714262563,-0.0003104501300391638,0.888130210340023,0.00010436051714262569,0.2570833631687694,3.0838311692934795e-08,0.2570874094963074,-4.046327537976513e-06,0.02206108234726666,0.023327529414867362,0.023333044029627582,0.00028953756142610366,5.514614760220027e-06,0.023333482110562423,0.00028953756142610366,4.380809348466149e-07,1.0101495151108762e-08,0.0,4.380809348466149e-07
6,500,0.5,-5.0,-5.0,-5.377333641052246,-4.968316555023193,7.316385269165039,0.1283923238515854,0.13369999999999999,0.026000000000000002,True,1.4958333333333333,240,180,0.0016624417621642351,0.019633077085018158,0.00015846334281377494,0.00015846322639845312,0.07912936061620712,0.039885811507701874,0.09989005327224731,0.006556677554047243,0.006890780604386422,0.0023664807426882935,0.00031299729072069966,4.867741014262441,4.864990343650182,4.8626522925164775,0.0027144066223726135,-0.002338051133704333,6.8087342818578085,0.0027144066223726143,1.946081989341312,2.1558891597608625e-07,1.9461009502410889,-1.896089977693194e-05,0.4258721557281467,0.45951220269004506,0.45985142398211554,0.009915300069970533,0.0003392212920704796,0.641576758523782,0.009915300069970535,0.18172533454166517,7.448688806492779e-08,0.18160682916641235,0.00011850537525281979,0.4274989181772633,0.42397226492563883,0.42383560140927673,0.016578252016546037,-0.00013666351636210106,0.5945743173360825,0.016578252016546034,0.17073871592680614,3.218761811571419e-08,0.17074298858642578,-4.272659619636299e-06,-0.056939107220853206,-0.061438450341423353,-0.06148438635799634,0.0013114315680996932,-4.59360165729894e-05,-0.08578138835728169,0.001311431568099693,-0.024297001999285486,6.992024425447273e-09,-0.024280833080410957,-1.616891887452898e-05,0.6397020017342794,0.6399369200070699,0.6396275490522385,0.000292855134425973,-0.00030937095483141164,0.8998185599843661,0.00029285513442597313,0.26019101093212765,4.0694360690870124e-08,0.26019370555877686,-2.6946266492022808e-06,0.011072676048931815,0.011351674884402503,0.011363790935186685,0.00037661632571935397,1.2116050784181931e-05,0.011364228018404294,0.00037661632571935413,4.3708321757978613e-07,7.968979606933756e-09,0.0,4.3708321757978613e-07
7,500,0.5,0.0,-5.0,-0.37668344378471375,-4.968424320220947,4.982636451721191,0.08718343824148178,0.13369999999999999,0.026000000000000002,True,1.4958333333333333,240,180,0.0013770073419436812,0.013834371231496334,1.5005914974608459e-05,1.5005913155619055e-05,0.05595291033387184,0.03999865800142288,0.09998505562543869,0.006491748530223349,0.007131192414316636,0.0023685485027140833,0.00045167323836253043,4.886334994140012,4.886526584625244,4.884221694204542,3.527501049501612e-05,-0.0023048904207021437,6.838736808300018,3.527501049501612e-05,1.954515114095476,2.2173692479714195e-07,1.9545235633850098,-8.449289533807303e-06,-0.0,0.03367334604263306,0.03420652292358386,5.420812894987805e-05,0.0005331768809508017,0.045629026088863614,5.4208128949878065e-05,0.011422503165279825,7.728690793400984e-08,0.0113028883934021,0.00011961477187772546,0.4274989181772633,0.42398524284362793,0.42387024470501605,5.088166582576971e-05,-0.00011499813861187702,0.594608957072099,5.088166582576975e-05,0.1707387123670843,4.86099590259161e-08,0.17074275016784668,-4.037800762385357e-06,0.0,-0.004502215422689915,-0.004574008994839249,7.2523545279522905e-06,-7.179357214933454e-05,-0.006101537457046409,7.252354527952295e-06,-0.0015275284622071517,1.0463017414383562e-08,-0.0015111961401998997,-1.6332322007252004e-05,0.6421880168439107,0.6422107219696045,0.6417656178275757,3.779959330987314e-06,-0.0004451041420288071,0.9030841742952664,3.779959330987316e-06,0.26131855646769203,2.8975021858390362e-08,0.2613197863101959,-1.229842503891465e-06,-0.0,0.0008418277138844132,0.0008689699319170837,1.3441330443486855e-06,2.7142218032670442e-05,0.0008694062094339945,1.3441330443486855e-06,4.3627751690817404e-07,9.257168935218266e-09,0.0,4.3627751690817404e-07
8,500,0.5,5.0,-5.0,4.623824119567871,-4.968311786651611,6.78324556350708,0.11894502490758896,0.13369999999999999,0.026000000000000002,True,1.4958333333333333,240,180,0.0015290987212210894,0.015161720104515553,8.734650327824056e-05,8.734635048313066e-05,0.07912936061620712,0.03994261473417282,0.0999336689710617,0.005731891004869547,0.006004325894696342,0.002362650457366675,0.00031134048738557424,4.867741014262441,4.870862237612406,4.868602601687103,0.0021926204093074718,-0.002259635925303094,6.816675823926926,0.0021926204093074718,1.9480732222398123,2.31071228210599e-07,1.9480711221694946,2.100070317645475e-06,-0.4258721557281467,-0.3924037769436836,-0.39173164193829013,0.024644819037052824,0.0006721350053934816,-0.5507001859446367,0.024644819037052828,-0.15896854400634766,8.277305454206161e-08,-0.15908849239349365,0.00011994838714599054,0.4274989181772633,0.4239723374446233,0.42381614140338253,0.014523277207225738,-0.0001561960412407859,0.5945547111332417,0.014523277207225734,0.170738569729858,4.555073755584086e-08,0.17074263095855713,-4.061228699142605e-06,0.056939107220853206,0.05246610948815942,0.05237579594055785,0.0032705531809957386,-9.031354760156984e-05,0.07362956016634901,0.0032705531809957386,0.021253764225790898,6.1455306275388396e-09,0.021270131692290306,-1.6367466499408317e-05,0.6397020017342794,0.6405093426505725,0.6402120105922209,0.00036112079134095445,-0.0002973320583515848,0.9006693604091803,0.0003611207913409545,0.2604573498169581,1.6699049447263865e-08,0.2604570984840393,2.513329188102986e-07,-0.011072676048931815,-0.009965315895775954,-0.009946080270454285,0.0006909343579498188,1.9235625321668837e-05,-0.009945630514994263,0.000690934357949819,4.497554600549039e-07,4.577985992084001e-09,0.0,4.497554600549039e-07
9,500,0.5,10.0,-5.0,9.625027656555176,-4.968270301818848,10.821036338806152,0.19114020466804504,0.13369999999999999,0.026000000000000002,True,1.4958333333333333,240,180,0.0012949565425515175,0.011184430681169033,9.461286390433088e-05,9.4612616521772e-05,0.07912936061620712,0.039916008710861206,0.09995556622743607,0.005603994490104861,0.005899457344797218,0.002380357552438707,0.00031250382330185144,4.812100586043946,4.818103388945262,4.8158919857607945,0.0026461677198346915,-0.002211403184467109,6.742696901162465,0.0026461677198346915,1.9268049154016706,2.101090919458016e-07,1.9267925024032593,1.241299841137078e-05,-0.8485031672025637,-0.815575156112512,-0.814714675645033,0.024037624473984203,0.0008604804674789968,-1.142865960796674,0.0240376244739842,-0.32815128515164055,9.65050288108789e-08,-0.32827049493789673,0.00011920978625618028,0.4274989181772633,0.423967448870341,0.42377937601672344,0.014342497156443248,-0.0001880728536175491,0.594518365462621,0.01434249715644325,0.17073898944589827,5.893818247808755e-08,0.17074275016784668,-3.7607219484092624e-06,0.11344487345498275,0.10904199630022049,0.10892670280817462,0.0031725003693526045,-0.00011529349204586481,0.1528001661101977,0.003172500369352605,0.04387346330202288,1.1727836259997658e-08,0.043889764696359634,-1.6301394336754038e-05,0.6322628764814666,0.6329245656728745,0.632635180900493,0.0005195966306216698,-0.00028938477238149574,0.8902489674588044,0.0005195966306216701,0.2576137865583102,3.382253510298324e-08,0.2576121687889099,1.6177694002750265e-06,-0.02206108234726666,-0.02164456604514271,-0.02161961601941417,0.000646949324346918,2.4950025728540104e-05,-0.02161917039969315,0.0006469493243469181,4.4561972111346725e-07,9.834484493170207e-09,0.0,4.4561972111346725e-07
10,500,0.5,-10.0,0.0,-10.37728500366211,0.0313677154481411,10.377330780029297,0.1831255853176117,0.13369999999999999,0.026000000000000002,True,1.4958333333333333,240,180,0.0015703719109296799,0.016328057274222374,0.00036446406738832593,0.00036446406738832593,0.05595291033387184,0.03963557630777359,0.09999452531337738,0.005907589071122287,0.007128859081775828,0.0023376301383022076,0.0003188718401557945,4.83048202852488,4.824479103088379,4.822144261333697,0.004352723182488082,-0.0023348417546822375,6.752316011985143,0.004352723182488081,1.9301717506514655,1.9875317374948252e-07,1.9301962852478027,-2.4534596337222325e-05,0.8517443114562934,0.8851147294044495,0.8851937087045799,0.008638172226075498,7.897930013045507e-05,1.237144413093726,0.008638172226075495,0.3519507043891483,4.980466092125886e-08,0.35183244943618774,0.00011825495296052813,-0.0,-0.0035037994384765625,-0.0034213924348781366,0.02082761342020821,8.240700359842586e-05,-0.003679667964267234,0.020827613420208217,-0.00025827552938911444,2.550086195715872e-08,-0.000255584716796875,-2.690812592239444e-06,-0.11387821444170641,-0.11834370344877243,-0.11835492694129499,0.0011459937293284495,-1.1223492522555167e-05,-0.16541088701536258,0.001145993729328449,-0.047055960074067114,9.646292287666803e-09,-0.04703999683260918,-1.596324145793776e-05,0.6458354472137764,0.6451290845870972,0.6448121411104969,0.00015213289377979177,-0.0003169434766002732,0.9028760922451814,0.00015213289377979177,0.2580639511346817,2.49841117331898e-08,0.25806725025177,-3.2991170882956666e-06,0.02214535209786363,0.024729612283408642,0.02476278028456142,0.00035318265136878644,3.316800115277935e-05,0.024763226974755526,0.00035318265136878644,4.4669019400897823e-07,8.885198415655497e-09,0.0,4.4669019400897823e-07
11,500,0.5,-5.0,0.0,-5.376338958740234,0.031564585864543915,5.376547336578369,0.09411286562681198,0.13369999999999999,0.026000000000000002,True,1.4958333333333333,240,180,0.0014394683530554175,0.014959569089114666,1.6441925254184753e-05,1.642869938223157e-05,0.07912936061620712,0.03998357057571411,0.0999995693564415,0.005771343388098664,0.01571139043862431,0.0023441780004306518,0.0003532188917801947,4.886334994140012,4.883273601531982,4.880946436855532,0.0026561330395692435,-0.002327164676450444,6.834448045492172,0.0026561330395692435,1.9535016086366441,1.7711005000303722e-07,1.9535155296325684,-1.3920995924232571e-05,0.4274989181772633,0.4611509044965108,0.46142050226529585,0.010524361019640858,0.00026959776878504593,0.6438070955375831,0.01052436101964086,0.18238659327228865,7.04384873111751e-08,0.18226683139801025,0.00011976187427839569,-0.0,-0.0035277207692464194,-0.00344530651410524,0.017985241601038787,8.241425514117929e-05,-0.0037032800464658067,0.017985241601038787,-0.0002579735323605645,2.7858204480352546e-08,-0.000255584716796875,-2.388815563689477e-06,-0.0571566053603001,-0.06165572507306934,-0.06169211834462138,0.001394292765176986,-3.639327155204042e-05,-0.08607740088676413,0.001394292765176986,-0.024385282542142603,4.599153436843436e-09,-0.024369075894355774,-1.6206647786828898e-05,0.6533029887165195,0.6529628242055575,0.6526509684820965,0.00026293554529743525,-0.00031185572346104085,0.9138341513772805,0.00026293554529743525,0.26118318289518355,2.7906428142755713e-08,0.26118502020835876,-1.8373131752125182e-06,0.011114971872608848,0.012028696298754464,0.012190514477710844,0.00038756727447852396,0.0001618181789563803,0.012190949327001968,0.00038756727447852385,4.3484929111375295e-07,7.20912275506961e-09,0.0,4.3484929111375295e-07
12,500,0.5,0.0,0.0,-0.3754170536994934,0.03163539990782738,0.3784591555595398,0.006575677543878555,0.13369999999999999,0.026000000000000002,True,1.4958333333333333,240,180,0.0012200066121295094,0.013999322429299355,1.4087361250858521e-06,1.4019767604622757e-06,0.06852804124355316,0.03999859839677811,0.09999985247850418,0.005559511502666457,0.0059571600856549375,0.0023516828216170616,0.0003161739996377663,4.905,4.904883511861166,4.902577326032838,0.00011149353790949589,-0.002306185828327756,6.8645409921805065,0.00011149353790949544,1.9619636661476558,2.1550604418282896e-07,1.9619672298431396,-3.5636954838214052e-06,-0.0,0.033679960668087004,0.03413433096785501,0.00021407313259839115,0.00045437029976800464,0.045568960206583145,0.00021407313259839112,0.01143462923872802,7.062098431031924e-08,0.011314094066619873,0.00012053517210814692,-0.0,-0.0035368531942367555,-0.0034629164009756202,0.0014175783340546644,7.39367932611353e-05,-0.0037204822966790136,0.0014175783340546642,-0.00025756589570341423,2.846185039755149e-08,-0.0002548694610595703,-2.6964346438439223e-06,0.0,-0.004503004039482524,-0.004564002868331365,2.894740001243991e-05,-6.09988288488416e-05,-0.006092948703250538,2.8947400012439916e-05,-0.0015289458349191894,1.1039898409531328e-08,-0.0015126944053918123,-1.6251429527377103e-05,0.6557985,0.6558529049158096,0.6555437063177408,6.275040996185694e-05,-0.0003091985980687717,0.9178582578897476,6.275040996185696e-05,0.26231455157200495,2.3420866919278428e-08,0.2623150050640106,-4.5349200566979775e-07,-0.0,0.0008423361672612373,0.0008676614091814665,3.5652187570806974e-05,2.532524192022927e-05,0.000868117358671346,3.565218757080698e-05,4.559494898772856e-07,6.806677322631086e-09,0.0,4.559494898772856e-07
13,500,0.5,5.0,0.0,4.625389575958252,0.03166734427213669,4.625672340393066,0.08090728521347046,0.13369999999999999,0.026000000000000002,True,1.4958333333333333,240,180,0.0011827435810118914,0.014040464535355568,1.3763687093160115e-05,1.3761424270342104e-05,0.07912936061620712,0.03998623788356781,0.0999998077750206,0.0037734635564239754,0.0111986748421786,0.0023636790919010315,0.00033425798202492077,4.886334994140012,4.889146641890208,4.886838589111957,0.00199158514637514,-0.0023080527782513016,6.8423330903053285,0.001991585146375139,1.9554945011933644,1.853968949398384e-07,1.9554877281188965,6.773074467947282e-06,-0.4274989181772633,-0.39403430571158726,-0.39352469849917676,0.011828004423395332,0.0005096072124105011,-0.5531293590863545,0.011828004423395334,-0.15960466058717834,8.024310474180094e-08,-0.15972495079040527,0.0001202902032269304,-0.0,-0.003540480633576711,-0.003553584501545032,0.010866354886113991,-1.31038679683209e-05,-0.0038105692809040194,0.010866354886113993,-0.0002569847793589967,5.790625728900436e-08,-0.0002548694610595703,-2.115318299426383e-06,0.0571566053603001,0.05268234359100461,0.05261386784000523,0.0015695735669033837,-6.847575099938608e-05,0.07395283365622163,0.0015695735669033842,0.021338965816216336,1.3847189625746614e-08,0.021355224773287773,-1.6258957071437624e-05,0.6533029887165195,0.6537493174274762,0.653443248487181,0.0002112898455467387,-0.00030606894029516774,0.9148929499089717,0.0002112898455467387,0.26144970142179064,2.8146420171300698e-08,0.2614487111568451,9.90264945543995e-07,-0.011114971872608848,-0.010350285815851143,-0.01046587679239791,0.0003977771202129144,-0.00011559097654676755,-0.010465428291354328,0.00039777712021291307,4.485010435928416e-07,7.448203793756795e-09,0.0,4.485010435928416e-07
14,500,0.5,10.0,0.0,9.62608528137207,0.03197205066680908,9.62614631652832,0.16960671544075012,0.13369999999999999,0.026000000000000002,True,1.4958333333333333,240,180,0.0010767261264845729,0.011287770234048367,7.866397936595604e-05,7.866379019105807e-05,0.05595291033387184,0.03992133587598801,0.09999970346689224,0.00534625490441774,0.005388822582611928,0.002358309159639113,0.0003166914794457126,4.83048202852488,4.83618688583374,4.833981127871403,3.7133959698712488e-06,-0.0022057579623373513,6.768123483657837,3.7133959698712488e-06,1.9341423557864295,1.849204852794516e-07,1.9341249465942383,1.740919219117565e-05,-0.8517443114562934,-0.8187326788902283,-0.8179020729329882,4.591241115647909e-05,0.0008306059572400493,-1.1473340863982837,4.591241115647899e-05,-0.32943201346529855,9.019144030697754e-08,-0.3295512795448303,0.00011926607953177681,-0.0,-0.0035778284072875977,-0.0034981562802891527,5.7006612324766855e-05,7.9672126998445e-05,-0.0037552475929260253,5.700661232476687e-05,-0.00025709131263688,5.721055375269078e-08,-0.00025463104248046875,-2.4602701564112664e-06,0.11387821444170641,0.10946410894393921,0.10935293017990098,6.063189863960179e-06,-0.00011117876403822502,0.1533978362257282,6.063189863960192e-06,0.0440449060458276,1.2772923172008951e-08,0.04406100511550903,-1.609906968143282e-05,0.6458354472137764,0.6466679573059082,0.6463723455038327,1.4887138567841716e-06,-0.00029561180207549054,0.9049672382573287,1.4887138567841769e-06,0.2585948927534951,2.7843631986485347e-08,0.25859251618385315,2.3765696419708604e-06,-0.02214535209786363,-0.02170582488179207,-0.021682448867287284,1.095164285474321e-06,2.3376014504784826e-05,-0.02168200621381402,1.0951642854743216e-06,4.426534733031278e-07,4.372738265566074e-09,0.0,4.426534733031278e-07
15,500,0.5,-10.0,5.0,-10.378573417663574,5.031416893005371,11.521895408630371,0.20384985208511353,0.13369999999999999,0.026000000000000002,True,1.4958333333333333,240,180,0.0014738283352926373,0.015770329162478447,0.00010179615492234007,0.00010179526725551113,0.07912936061620712,0.03990849107503891,0.09995514154434204,0.004437012684366868,0.004507807377114191,0.002319171558359205,0.00031282273336461484,4.812100586043946,4.805799384911855,4.803489485714182,0.003592545225425176,-0.0023098991976731043,6.7262915174166364,0.0035925452254251793,1.9228020317024654,1.7618497840918599e-07,1.922821283340454,-1.925163798865981e-05,0.8485031672025637,0.8817980870604515,0.881760249535246,0.012718489736639605,-3.783752520547523e-05,1.2324142004052798,0.012718489736639608,0.3506539508700371,3.8125921038505626e-08,0.35053449869155884,0.00011945217847825207,-0.4274989181772633,-0.43099749088287354,-0.43079379813538915,0.01890702962037729,0.00020369274748438526,-0.6020480019350847,0.018907029620377297,-0.17125420379969808,2.6731779868024528e-08,-0.17125201225280762,-2.1915468904620816e-06,-0.11344487345498275,-0.11789600308984519,-0.11789124535603715,0.001692611859866706,4.757733808036235e-06,-0.16477368051807087,0.001692611859866706,-0.0468824351620343,1.0666618712609326e-08,-0.046866461634635925,-1.597352739837743e-05,0.6544928202266844,0.6539322858055433,0.6536195028159343,0.00043552227781668256,-0.0003127829896090173,0.9106982484459877,0.00043552227781668256,0.25707874563005234,3.0295866040458104e-08,0.25708121061325073,-2.4649831983913906e-06,0.02206108234726666,0.023325197934173047,0.023326690545966564,0.0004352973803187982,1.4926117935173955e-06,0.0233271294971928,0.00043529738031879834,4.389512262213834e-07,6.691056198403346e-09,0.0,4.389512262213834e-07
16,500,0.5,-5.0,5.0,-5.377676010131836,5.031606674194336,7.359514236450195,0.129158154129982,0.13369999999999999,0.026000000000000002,True,1.4958333333333333,240,180,0.0012268309947103262,0.01391408871859312,5.0841146730817854e-05,5.0840793846873567e-05,0.05595291033387184,0.03996243327856064,0.09996575117111206,0.004792488378758247,0.004848138221790812,0.002326764684671279,0.00031556432879803324,4.867741014262441,4.864374160766602,4.862070600191762,0.00023980182898790923,-0.0023035605748393806,6.808117117484411,0.0002398018289879097,1.9460465172926584,1.7518076681632018e-07,1.9460554122924805,-8.894999822040006e-06,0.4258721557281467,0.4594801068305969,0.45966890073484723,0.0005947553128617792,0.00018879390425030618,0.6414065773288409,0.000594755312861779,0.18173767659399245,7.931939884327021e-08,0.18161696195602417,0.0001207146379682833,-0.4274989181772633,-0.4310183525085449,-0.4307503983378421,0.001032930745164416,0.0002679541707027999,-0.6020050128300984,0.0010329307451644161,-0.17125461449225743,3.137972581333452e-08,-0.17125248908996582,-2.1254022916084025e-06,-0.056939107220853206,-0.061432020148883264,-0.0614574589973524,7.845638434087545e-05,-2.5438848469137854e-05,-0.0857557648482422,7.845638434087547e-05,-0.024298305850889948,2.5302603015350673e-09,-0.024282187223434448,-1.6118627455499746e-05,0.6619319454794972,0.6617184281349182,0.6614040068454253,7.087715166754333e-05,-0.0003144212894928833,0.9215905497471492,7.087715166754333e-05,0.2601865429017279,2.296925776860761e-08,0.2601875960826874,-1.0531809594982455e-06,0.011072676048931815,0.012088737264275552,0.01209727912074531,4.1889799316559764e-05,8.54185646975876e-06,0.012097715916267286,4.1889799316559764e-05,4.367955219840446e-07,2.4032883600196782e-09,0.0,4.367955219840446e-07
17,500,0.5,0.0,5.0,-0.3767574429512024,5.031859397888184,5.046011447906494,0.08829599618911743,0.13369999999999999,0.026000000000000002,True,1.4958333333333333,240,180,0.0010562314419075847,0.010856487788259983,1.485946177126607e-05,1.4858856047794688e-05,0.07912936061620712,0.03999864310026169,0.09998521208763123,0.0045513767421531464,0.004771018913582963,0.002330024302151172,0.00017815439010276972,4.886334994140012,4.8859076499938965,4.883622891373074,5.282524077277059e-06,-0.002284758620822558,6.838103381792704,5.282524077277062e-06,1.9544804904195998,2.002917255920854e-07,1.9544788599014282,1.630518171591433e-06,-0.0,0.03366398811340332,0.034031297654534456,6.94736187537122e-05,0.0003673095411311361,0.04546899627894163,6.947361875371224e-05,0.011437698624407251,1.1078159013337877e-07,0.01131671667098999,0.00012098195341726098,-0.4274989181772633,-0.4310493469238281,-0.4307773634791369,5.6257206374120165e-05,0.00027198344469120395,-0.60203184162577,5.625720637412009e-05,-0.1712544781466325,5.7452899896921794e-08,-0.17125201225280762,-2.4658938248822704e-06,0.0,-0.004500767216086388,-0.004549967655394655,9.255997025703273e-06,-4.920043930826696e-05,-0.00607913649873808,9.255997025703272e-06,-0.00152916884334344,1.5546038491570516e-08,-0.001513045048341155,-1.6123795002284972e-05,0.6644179605891283,0.6645036935806274,0.6643339798682242,1.7854258237680997e-06,-0.00016971371240326327,0.9256481252610683,1.7854258237680989e-06,0.26131414539284176,2.747287197095319e-08,0.2613138258457184,3.195471233730096e-07,-0.0,0.0008419764344580472,0.0008646823655568997,2.047827416491814e-06,2.2705931098852567e-05,0.0008651319241228824,2.047827416491814e-06,4.495585659785522e-07,1.0361483129380326e-08,0.0,4.495585659785522e-07
18,500,0.5,5.0,5.0,4.6241326332092285,5.031859397888184,6.829954147338867,0.11977139860391617,0.13369999999999999,0.026000000000000002,True,1.4958333333333333,240,180,0.0008654712582938373,0.00946781225502491,2.0053674234077334e-05,2.0053226762684062e-05,0.05595291033387184,0.039986513555049896,0.09998516738414764,0.0043201688916051865,0.011266168727492294,0.0023356587773473874,0.0002133456186123763,4.867741014262441,4.870241165161133,4.867986366483886,1.3949196989436206e-06,-0.002254798677246761,6.816026602188746,1.3949196989436157e-06,1.9480402357048459,1.7355177820840796e-07,1.9480278491973877,1.2386507458161944e-05,-0.4258721557281467,-0.39240360260009766,-0.39185723397466743,2.8806692658559803e-05,0.0005463686254302269,-0.5508070600529512,2.880669265855977e-05,-0.15894982607828245,8.267954467479619e-08,-0.15907025337219238,0.00012042729390993046,-0.4274989181772633,-0.4310493469238281,-0.43077978028191627,1.1858951276337752e-05,0.00026956664191185586,-0.6020344687004884,1.1858951276337742e-05,-0.1712546884185738,5.514424512648892e-08,-0.17125225067138672,-2.437747187084005e-06,0.056939107220853206,0.052464403212070465,0.05239131814903703,3.821078046243211e-06,-7.308506303343315e-05,0.07364298887550831,3.821078046243201e-06,0.021251670726471477,1.2111110590182652e-08,0.021267693489789963,-1.602276331848576e-05,0.6619319454794972,0.6624090671539307,0.6622438717219564,4.989859797462472e-07,-0.00016519543197424102,0.9226969475547473,4.989859797462474e-07,0.2604530758327908,2.479583390511438e-08,0.2604513168334961,1.7589992947208977e-06,-0.011072676048931815,-0.010307283140718937,-0.010420796998011078,8.569350299293978e-07,-0.0001135138572921409,-0.010420362701794753,8.569350299293992e-07,4.342962163327179e-07,2.9281905417040424e-09,0.0,4.342962163327179e-07
19,500,0.5,10.0,5.0,9.625003814697266,5.031989097595215,10.85008430480957,0.19166557490825653,0.13369999999999999,0.026000000000000002,True,1.4958333333333333,240,180,0.0006254874169826508,0.00901862420141697,9.293091716244817e-05,9.293036418966949e-05,0.06852804124355316,0.03991705924272537,0.09995806217193604,0.003998018975083855,0.003960620517389715,0.002333525774914353,0.00031641960142502796,4.812100586043946,4.817489266395569,4.815283881955679,0.003117722862397334,-0.0022053844398897127,6.742057724793752,0.003117722862397334,1.9267738428380754,7.5820093516863145e-06,1.9267510175704956,2.282526757979575e-05,-0.8485031672025637,-0.8154813945293427,-0.8147676322195296,0.010089651032974743,0.0007137623098130152,-1.1428973411520322,0.010089651032974744,-0.3281297089325057,4.967857216268953e-06,-0.3282485008239746,0.00011879189146890567,-0.4274989181772633,-0.43106698989868164,-0.43079835375150044,0.017033358458335004,0.00026863614718120044,-0.6020524074633916,0.017033358458335004,-0.17125405371189117,1.0435901536157781e-06,-0.17125225067138672,-1.8030405044555664e-06,0.11344487345498275,0.10902851447463036,0.10893313806090038,0.0013359345263491283,-9.537641372997507e-05,0.15280411870529254,0.0013359345263491288,0.04387098064439164,7.161999963957114e-07,0.04388682544231415,-1.5844797922506815e-05,0.6544928202266844,0.6554862558841705,0.6551852690676844,0.00012368775068900186,-0.00030098681648615955,0.9127951162556808,0.0001236877506890018,0.2576098471879959,9.969490344329795e-07,0.2576065957546234,3.2514333724864564e-06,-0.02206108234726666,-0.02163932239636779,-0.021618546444608384,0.0003848872384566047,2.0775951759404582e-05,-0.02161808996461332,0.00038488723845660455,4.5647999497886203e-07,1.1527212520190878e-07,0.0,4.5647999497886203e-07
20,500,0.5,-10.0,10.0,-10.38271713256836,10.03133487701416,14.398736000061035,0.25673189759254456,0.13369999999999999,0.026000000000000002,True,1.4958333333333333,240,180,0.001218076329678297,0.015489730052649975,0.00012687136768363416,0.0001268713385798037,0.06852804124355316,0.039909206330776215,0.0999113917350769,0.003939849293550146,0.00397536941662097,0.0022852470797024046,0.00030670148480682434,4.75709615247744,4.750499725341797,4.748265239265222,1.607493756742551e-05,-0.0022344860765750596,6.649050068855286,1.607493756742551e-05,1.9007848295900556,2.214413464245425e-07,1.9007987976074219,-1.396801736630593e-05,0.8388044015062024,0.8720182180404663,0.8719410505559743,6.94427475746616e-05,-7.716748449204669e-05,1.2187104086081186,6.944274757466136e-05,0.34676935805214776,8.463572423735577e-08,0.34664857387542725,0.000120784176720512,-0.8517443114562934,-0.8551950454711914,-0.8547223178876745,7.014428913793323e-05,0.0004727275835169076,-1.1956697364648183,7.014428913793308e-05,-0.3409474185771412,5.8718181378995864e-08,-0.3409452438354492,-2.174741692007043e-06,-0.11214814848137925,-0.11658838391304016,-0.11657827904240978,9.243940729538067e-06,1.0104870630384122e-05,-0.1629412059361736,9.24394072953807e-06,-0.046362926893764075,9.67723068872501e-09,-0.046346914023160934,-1.601287060314094e-05,0.6581691076840973,0.6577767133712769,0.6574702267017642,2.7253615353212746e-06,-0.0003064866695126067,0.9116054438054562,2.7253615353212746e-06,0.25413521710369325,2.951185580152408e-08,0.2541368007659912,-1.5836622979659154e-06,0.021808914439161265,0.023063652217388153,0.023069094072156897,1.916427849323392e-06,5.441854768743759e-06,0.023069526200803617,1.9164278493233892e-06,4.321286468211838e-07,5.610810028652114e-09,0.0,4.321286468211838e-07
21,500,0.5,-5.0,10.0,-5.381807804107666,10.031492233276367,11.37095832824707,0.20110777020454407,0.13369999999999999,0.026000000000000002,True,1.4958333333333333,240,180,0.001061114715412259,0.009766957722604275,9.969668462872505e-05,9.969668462872505e-05,0.06852804124355316,0.03995300084352493,0.09991207718849182,0.0036906244959241013,0.0036698195695779806,0.0022992084538848846,0.0003126586293503338,4.812100586043946,4.808432404200236,4.806182573239003,0.006030982609655237,-0.0022498309612331013,6.7299572110176085,0.006030982609655237,1.9237746377786,2.2802772662589993e-07,1.92377769947052,-3.061691919992171e-06,0.4210042490253005,0.4545592884222666,0.4546564070714867,0.010658560512449925,9.711864922007374e-05,0.6344425469636917,0.010658560512449924,0.17978613989220726,9.819326999764738e-08,0.1796647310256958,0.00012140886651146321,-0.8517443114562934,-0.855214246114095,-0.8547503623697513,0.009808769556513832,0.00046388374434369606,-1.1956979210178058,0.009808769556513832,-0.3409475586480565,6.058149489664577e-08,-0.340944766998291,-2.7916497654656425e-06,-0.05628826809468267,-0.06077418712278207,-0.06078725298866606,0.001419773013154969,-1.3065865883989114e-05,-0.08482447359710932,0.0014197730131549683,-0.024037220608443023,1.699549836451712e-08,-0.024021174758672714,-1.604584977030893e-05,0.6655232004519391,0.6655237058798472,0.6652113636334741,0.00046886782877981874,-0.0003123422463731096,0.9224202796816826,0.0004688678287798185,0.2572089160482089,3.765448502664514e-08,0.25720906257629395,-1.4652808505433157e-07,0.010946110474657813,0.012004309566691518,0.012009507911286743,0.00036419442862891006,5.198344595225279e-06,0.01200993787109231,0.00036419442862891006,4.299598055960511e-07,1.1130267321466068e-08,0.0,4.299598055960511e-07
22,500,0.5,0.0,10.0,-0.38089388608932495,10.031353950500488,10.038559913635254,0.1770203411579132,0.13369999999999999,0.026000000000000002,True,1.4958333333333333,240,180,0.0009340654360130429,0.009453398175537586,3.6145160265732557e-05,3.6144949262961745e-05,0.03956468030810356,0.039999134838581085,0.09996387362480164,0.003435320884647318,0.0034222053070712007,0.002314890140339873,0.00031424760180004304,4.83048202852488,4.8297553062438965,4.82750210695796,0.00015636962896173575,-0.0022531992859367023,6.759625613689423,0.0001563696289617353,1.9321235067314573,1.3670414678163346e-07,1.932115912437439,7.5942940183093555e-06,-0.0,0.03363889455795288,0.033911808994081256,0.011213590700179353,0.00027291443612837557,0.04534689051409562,0.011213590700179353,0.011435081520014339,5.798756621428805e-08,0.01131373643875122,0.0001213450812631179,-0.8517443114562934,-0.8551995754241943,-0.854744243621824,0.008649323267904569,0.0004553318023703401,-1.195691673954328,0.00864932326790457,-0.34094743033250174,4.118220746235067e-08,-0.3409445285797119,-2.90175278983007e-06,0.0,-0.004499403992667794,-0.004535964515525838,0.0014883039319120907,-3.6560522858043905e-05,-0.0060646072515131285,0.0014883039319120912,-0.0015286427359872809,8.117237929360297e-09,-0.0015126465586945415,-1.599617729273941e-05,0.66798079931164,0.6681264638900757,0.6678144929309683,0.0002536353919775453,-0.00031197095910739936,0.9261396425465743,0.0002536353919775458,0.25832514961560565,2.1365718719064626e-08,0.25832390785217285,1.2417634328021343e-06,-0.0,0.0008307268435601145,0.0008401610408780761,0.00033874672692727007,9.434197317961563e-06,0.0008405970038438682,0.00033874672692727007,4.359629657970901e-07,5.197925032635255e-09,0.0,4.359629657970901e-07
23,500,0.5,5.0,10.0,4.620121002197266,10.031411170959473,11.034334182739258,0.19500206410884857,0.13369999999999999,0.026000000000000002,True,1.4958333333333333,240,180,0.000706647930201143,0.009003641083836555,9.533374395687133e-05,9.53335256781429e-05,0.05595291033387184,0.039960525929927826,0.09991322457790375,0.0031048187380599656,0.003084982624344631,0.0023193320083219784,0.000314234488672575,4.812100586043946,4.814298629760742,4.812066775560357,0.0021331461978725073,-0.002231854200385186,6.737834477424622,0.002133146197872509,1.9257677018642425,1.8280953382049377e-07,1.9257498979568481,1.780390739436477e-05,-0.4210042490253005,-0.3875504732131958,-0.38710901248786234,0.0016583459790379307,0.0004414607253334646,-0.5441131410499414,0.0016583459790379311,-0.15700412856207954,9.59712555093637e-08,-0.15712428092956543,0.00012015236748588731,-0.8517443114562934,-0.8552050590515137,-0.854754237333938,0.004779521652802752,0.0004508217175757112,-1.1957017451524734,0.004779521652802751,-0.34094750781853994,4.352527812646434e-08,-0.3409450054168701,-2.5024016698238505e-06,0.05628826809468267,0.051815506629645826,0.05175656494167132,0.00022063788580835913,-5.894168797450361e-05,0.07274825312197208,0.00022063788580835915,0.020991688180300925,1.0312773692179945e-08,0.021007515490055084,-1.582730975415933e-05,0.6655232004519391,0.6663030698895455,0.6659947168495921,1.9383090372308324e-05,-0.0003083530399533574,0.9234701072176298,1.938309037230831e-05,0.25747539036803774,3.125782132183977e-08,0.2574727535247803,2.636843257464161e-06,-0.010946110474657813,-0.010305310063995422,-0.010291613566576223,9.621577172404866e-05,1.3696497419198386e-05,-0.010291172820143402,9.621577172404865e-05,4.4074643281217304e-07,8.900917214886334e-09,0.0,4.4074643281217304e-07
24,500,0.5,10.0,10.0,9.620991706848145,10.031488418579102,13.865242958068848,0.246831014752388,0.13369999999999999,0.026000000000000002,True,1.4958333333333333,240,180,0.0005768791888840497,0.00810723565518856,0.00012248412531334907,0.00012248358689248562,0.05595291033387184,0.03991582244634628,0.09991103410720825,0.002902282926366233,0.0028514546922892184,0.0023208001811468224,0.00031151026921513036,4.75709615247744,4.762182235717773,4.759991412030334,0.0013276120190766775,-0.0021908236874397247,6.664746771256129,0.001327612019076678,1.9047553592258029,1.7452113992572433e-07,1.9047272205352783,2.8138690524537324e-05,-0.8388044015062024,-0.8057678937911987,-0.8051509338948452,0.007009381064100437,0.000616959896353575,-1.1294010892510413,0.007009381064100438,-0.3242501553561952,9.765573968621385e-08,-0.32436835765838623,0.00011820230219100614,-0.8517443114562934,-0.8552116751670837,-0.8547580613030369,0.00607486351719483,0.00045361386404685344,-1.195705571770668,0.006074863517194828,-0.3409475104676353,6.122444526019378e-08,-0.340944766998291,-2.7434693442573987e-06,0.11214814848137925,0.10773102194070816,0.10764861280719412,0.0009264999971734254,-8.240913351403867e-05,0.15100112309058508,0.0009264999971734249,0.04335251028339068,1.3756238702769051e-08,0.04336804896593094,-1.553868254025592e-05,0.6581691076840973,0.6593412011861801,0.6590411350958882,7.486840108713573e-05,-0.0003000660902918728,0.9137071537474791,7.486840108713578e-05,0.2546660186515914,2.8263701502277893e-08,0.25466203689575195,3.981755839432832e-06,-0.021808914439161265,-0.021388806169852614,-0.021374393536613058,0.00021459406248684903,1.4412633239556383e-05,-0.02137395932804793,0.00021459406248684895,4.3420856520191995e-07,7.3370235821590764e-09,0.0,4.3420856520191995e-07
