env_id,mass_g,mass_kg,tilt_deg,bending_lever_arm_m,payload_normal_offset_m,settled,settle_time_s,sample_count,tare_sample_count,sample_max_relative_speed_m_s,sample_max_relative_angular_speed_rad_s,sample_max_position_error_m,sample_max_abs_downhill_displacement_m,sample_max_payload_tool_angle_deg,sample_min_edge_margin_m,sample_min_broad_normal_z,sample_max_broad_normal_z,sample_max_abs_sensor_axis_z,expected_Fx_N,Fx_N,Fx_std_N,raw_Fx_N,raw_Fx_std_N,tare_Fx_N,tare_Fx_std_N,Fx_error_N,expected_Fy_N,Fy_N,Fy_std_N,raw_Fy_N,raw_Fy_std_N,tare_Fy_N,tare_Fy_std_N,Fy_error_N,expected_Fz_N,Fz_N,Fz_std_N,raw_Fz_N,raw_Fz_std_N,tare_Fz_N,tare_Fz_std_N,Fz_error_N,expected_Mx_Nm,Mx_Nm,Mx_std_Nm,raw_Mx_Nm,raw_Mx_std_Nm,tare_Mx_Nm,tare_Mx_std_Nm,Mx_error_Nm,expected_My_Nm,My_Nm,My_std_Nm,raw_My_Nm,raw_My_std_Nm,tare_My_Nm,tare_My_std_Nm,My_error_Nm,expected_Mz_Nm,Mz_Nm,Mz_std_Nm,raw_Mz_Nm,raw_Mz_std_Nm,tare_Mz_Nm,tare_Mz_std_Nm,Mz_error_Nm,measured_force_tilt_deg,measured_bending_tilt_deg,measured_lever_from_My_Fx_m,measured_lever_from_Mx_Fy_m,effective_Mz_Fy_ratio_m
0,10,0.01,10.0,0.13369999999999999,0.026000000000000002,True,1.4958333333333333,240,180,0.0010763650061562657,0.012814553454518318,0.0017719405004754663,0.0017684772610664368,0.06852804124355316,0.03823152184486389,0.9857953786849976,0.9857956171035767,0.00013887882232666016,0.09670655056834221,0.09666649765438554,7.918556039758232e-05,2.0308090269565584,7.918556039758212e-05,1.9341425293021732,1.7573379332795995e-07,-4.0052913956672986e-05,-0.016475854441523552,-0.016423813212249116,0.0003787565161120539,-0.3458559020111958,0.0003787565161120539,-0.3294320887989468,1.0401185141758832e-07,5.204122927443544e-05,-1.3612210750579834e-05,-2.8629873203398175e-05,0.00015200514210784375,-0.0002857025909179356,0.0001520051421078438,-0.00025707271771453733,6.184670861710915e-08,-1.5017662452818341e-05,0.002204670337960124,0.002197704515937316,5.010447264508023e-05,0.046242616667101784,5.0104472645080165e-05,0.044044912151164475,1.3080550641611189e-08,-6.965822022808165e-06,0.012940729036927223,0.01293475963175302,9.08854205281872e-06,0.27152967639267445,9.088542052818714e-06,0.2585949167609215,2.2993247808849283e-08,-5.9694051742029824e-06,-0.00025735003873705864,-0.00025758180867098917,1.2758888405193052e-05,-0.00025713884885287066,1.2758888405193067e-05,4.429598181193089e-07,4.427824269152421e-09,-2.3176993393052682e-07,9.642577545333587,9.642859126614782,0.13380809220997156,0.13381207442728563,0.015683435103784605
1,20,0.02,10.0,0.13369999999999999,0.026000000000000002,True,1.4958333333333333,240,180,0.0008590213255956769,0.009642716497182846,0.0017374277813360095,0.0017337203025817871,0.06852804124355316,0.03826627880334854,0.9857981204986572,0.9857981204986572,0.0001442432403564453,0.1934136152267456,0.19333325392670084,1.3750336552527272e-07,2.1274757196505862,1.3750336552527296e-07,1.9341424657238855,1.7791879575303086e-07,-8.036130004476782e-05,-0.03294859081506729,-0.032848213323288286,4.7314269313664326e-08,-0.3622802762935559,4.7314269313664055e-08,-0.3294320629702674,9.385397564516242e-08,0.00010037749177900512,-2.82973051071167e-05,-5.2170399067108715e-05,3.1282797415241055e-08,-0.0003092607627574277,3.1282797415241075e-08,-0.00025709036369031915,5.631445148426902e-08,-2.3873093959992015e-05,0.004409013316035271,0.004395598618106695,8.416627752002268e-09,0.04844050981725256,8.416627752002283e-09,0.044044911199145845,1.2415830518464675e-08,-1.341469792857583e-05,0.02588207647204399,0.02587058838042956,3.078347898756563e-08,0.28446549785633884,3.078347898756567e-08,0.25859490947590935,2.4824166613543965e-08,-1.1488091614431789e-05,-0.0005213359254412353,-0.0005218548392092118,5.665346242711767e-09,-0.000521412046267263,5.665346242711768e-09,4.427929419471689e-07,4.473426935152646e-09,-5.189137679764569e-07,9.642733940719033,9.642876209212687,0.13381344313502308,0.1338154551922117,0.015886856130443907
2,30,0.03,10.0,0.13369999999999999,0.026000000000000002,True,1.4958333333333333,240,180,0.0009163767099380493,0.010419430211186409,0.001703281537629664,0.001699395477771759,0.06852804124355316,0.03830060362815857,0.9858009815216064,0.9858009815216064,0.0001531839370727539,0.29012125730514526,0.2900004456440609,4.3891713664863036e-07,2.224143116672834,4.3891713664862956e-07,1.934142671028773,2.0101161070584676e-07,-0.00012081166108435237,-0.04941798746585846,-0.04926714458399321,4.362658696480063e-06,-0.37869928206006687,4.362658696480077e-06,-0.32943213747607336,9.816926441992254e-08,0.0001508428818652527,-4.509091377258301e-05,-8.399558480757808e-05,3.1302559803335975e-06,-0.0003410652666692234,3.1302559803335966e-06,-0.0002570696818616448,5.797166675470161e-08,-3.890467103499507e-05,0.006612944416701794,0.006592781013912595,5.842525256948558e-07,0.05063769680758317,5.842525256948558e-07,0.04404491579367055,1.2812669335539513e-08,-2.016340278919882e-05,0.038823746144771576,0.03880696342223232,5.891469413629873e-08,0.2974018962432941,5.891469413629893e-08,0.2585949328210619,2.277945332680865e-08,-1.67827225392575e-05,-0.0007918304763734341,-0.0007924675546945517,1.2313769784791422e-07,-0.0007920254928952393,1.2313769784791425e-07,4.4206179931431205e-07,3.746276244213528e-09,-6.370783211176586e-07,9.641721690047047,9.64172740178673,0.1338169096121424,0.13381699040164335,0.01608511232761849
3,40,0.04,10.0,0.13369999999999999,0.026000000000000002,True,1.4958333333333333,240,180,0.0009284456027671695,0.010597781278192997,0.0016702135326340795,0.001666150987148285,0.06852804124355316,0.03833384811878204,0.9858036041259766,0.9858036041259766,0.00016188621520996094,0.3868293762207031,0.3866683536105665,4.3945529580032773e-07,2.320810916026433,4.394552958003265e-07,1.9341425624158648,2.274544754444383e-07,-0.00016102261013661856,-0.0658845454454422,-0.06568565339677856,8.252026802335201e-06,-0.3951177521298329,8.252026802335228e-06,-0.3294320987330543,1.1396694870297929e-07,0.00019889204866363475,-6.35385513305664e-05,-0.00011720318143488886,5.427812156422433e-06,-0.0003742770190001465,5.427812156422421e-06,-0.00025707383756525817,5.593295520220955e-08,-5.366463010432246e-05,0.008816540241241455,0.008789953755007823,1.1026482222829135e-06,0.05283486588547627,1.1026482222829144e-06,0.04404491213046842,1.28748940268221e-08,-2.65864862336318e-05,0.05176577344536781,0.051743786616458,9.545487352718587e-08,0.3103387050330639,9.545487352718565e-08,0.25859491841660603,2.7732029837946695e-08,-2.1986828909810463e-05,-0.001068479847162962,-0.0010687258422592595,2.44424825907797e-07,-0.001068283487984445,2.444248259077968e-07,4.4235427480998625e-07,4.25535467489899e-09,-2.459950962975261e-07,9.641137198365321,9.641060693718991,0.13381955397511486,0.1338184717736082,0.016270308461477118
4,50,0.05,10.0,0.13369999999999999,0.026000000000000002,True,1.4958333333333333,240,180,0.0008919959655031562,0.010047471150755882,0.0016371299279853702,0.0016328543424606323,0.05595291033387184,0.038367144763469696,0.9858059883117676,0.9858059883117676,0.0001709461212158203,0.483537882566452,0.4833362231651923,4.716462331462903e-06,2.417478526631991,4.716462331462904e-06,1.9341423034667968,1.8587801568608358e-07,-0.00020165940125971282,-0.08234882354736328,-0.08210560633904435,1.0700622999201124e-05,-0.4115376461297274,1.0700622999201121e-05,-0.3294320397906833,1.0280265535688656e-07,0.00024321720831893545,-8.386373519897461e-05,-0.00015271077807281326,1.5882906274828798e-05,-0.00040979877885547464,1.5882906274828788e-05,-0.00025708800078266196,5.8552210068487684e-08,-6.884704287383865e-05,0.011019911617040634,0.010987370901016747,1.4052567357844836e-06,0.05503227796095113,1.4052567357844861e-06,0.044044907059934406,1.2535974488453954e-08,-3.2540716023887056e-05,0.06470836699008942,0.06468108859327092,8.761415371922211e-08,0.3232759714126587,8.761415371922189e-08,0.25859488281938764,2.742466686529124e-08,-2.7278396818500306e-05,-0.0013515206519514322,-0.001351272330641641,2.684798720562911e-07,-0.001350829923467245,2.684798720562911e-07,4.424071744008668e-07,4.150896193230536e-09,2.4832130979127523e-07,9.640953644814543,9.6408010860256,0.13382214179954918,0.13381998368839562,0.016457735237490834
5,60,0.06,10.0,0.13369999999999999,0.026000000000000002,True,1.4958333333333333,240,180,0.0010882833739742637,0.011840085498988628,0.0016063560033217072,0.0016019642353057861,0.06852804124355316,0.03839803487062454,0.9858083724975586,0.9858086109161377,0.00018167495727539062,0.580246877670288,0.5800048357910569,0.00031412528780043534,2.514147365093231,0.00031412528780043567,1.9341425293021732,1.7573379332795995e-07,-0.0002420418792311585,-0.098810213804245,-0.09852157367600353,0.003981674587611107,-0.42795366247495015,0.003981674587611106,-0.3294320887989468,1.0401185141758832e-07,0.0002886401282414658,-0.00010685920715332031,-0.0001947327887036305,0.002777079125670718,-0.0004518055064181681,0.002777079125670718,-0.00025707271771453733,6.184670861710915e-08,-8.787358155031018e-05,0.013222824595868588,0.013184185502015906,0.000530878447002781,0.057229097653180364,0.000530878447002781,0.044044912151164475,1.3080550641611189e-08,-3.8639093852682604e-05,0.07765065282583236,0.07761799929042655,8.546103953767598e-05,0.33621291605134807,8.546103953767588e-05,0.2585949167609215,2.2993247808849283e-08,-3.265353540581051e-05,-0.0016400612192228436,-0.0016384274621219963,0.00012688238954256946,-0.0016379845023038798,0.00012688238954256938,4.429598181193089e-07,4.427824269152421e-09,1.6337571008473092e-06,9.640436480478611,9.640243396483864,0.1338230209487218,0.13382028940557938,0.016630138973521703
6,70,0.07,10.0,0.13369999999999999,0.026000000000000002,True,1.4958333333333333,240,180,0.0008495809161104262,0.009446435607969761,0.0015539623564109206,0.0015494003891944885,0.07912936061620712,0.03845059871673584,0.9858108758926392,0.9858108758926392,0.00018846988677978516,0.6769563555717468,0.6766740765836505,4.285414899453221e-05,2.6108166058858235,4.2854148994531956e-05,1.9341425293021732,1.7573379332795995e-07,-0.00028227898809629615,-0.1152682900428772,-0.11493421801262463,1.9686406138656083e-05,-0.44436630681157113,1.9686406138656093e-05,-0.3294320887989468,1.0401185141758832e-07,0.00033407203025256904,-0.00012940168380737305,-0.00022901687160709896,8.413057554506734e-05,-0.0004860895893216366,8.41305755450673e-05,-0.00025707271771453733,6.184670861710915e-08,-9.961518779972591e-05,0.015425285324454308,0.015380589731244615,2.553234846790532e-06,0.059425501882409054,2.553234846790532e-06,0.044044912151164475,1.3080550641611189e-08,-4.469559320969228e-05,0.09059297293424606,0.09055478163063545,9.298582478603763e-06,0.34914969839155674,9.29858247860376e-06,0.2585949167609215,2.2993247808849283e-08,-3.8191303610615734e-05,-0.0019480978371575475,-0.0019456344554819114,4.89017391018007e-07,-0.0019451914956637969,4.890173910180072e-07,4.429598181193089e-07,4.427824269152421e-09,2.4633816756360494e-06,9.63978481954719,9.639606089822001,0.1338233349913783,0.13382080634641963,0.016928243730411064
7,80,0.08,10.0,0.13369999999999999,0.026000000000000002,True,1.4958333333333333,240,180,0.0011495569488033652,0.012575354427099228,0.0015222331276163459,0.001517564058303833,0.05595291033387184,0.038482435047626495,0.9858137965202332,0.9858139753341675,0.0002009868621826172,0.7736668437719345,0.7733452465799133,0.00038419731756312767,2.7074877758820852,0.00038419731756312767,1.9341425293021732,1.7573379332795995e-07,-0.00032159719202118353,-0.13172227889299393,-0.13133571305208777,0.0027027432999986957,-0.46076780185103416,0.0027027432999986918,-0.3294320887989468,1.0401185141758832e-07,0.00038656584090615564,-0.0001576244831085205,-0.0002772752029058107,0.0009434471034123207,-0.0005343479206203483,0.0009434471034123203,-0.00025707271771453733,6.184670861710915e-08,-0.0001196507197972902,0.017627202440053225,0.017575441011124213,0.0003578911208819275,0.061620353162288664,0.00035789112088192745,0.044044912151164475,1.3080550641611189e-08,-5.176142892901123e-05,0.10353554412722588,0.10349206241468623,5.0199479207205105e-05,0.36208697917560734,5.019947920720509e-05,0.2585949167609215,2.2993247808849283e-08,-4.3481712539650275e-05,-0.002250739373266697,-0.002247592313509804,8.108891634884329e-05,-0.002247149353691687,8.10889163488433e-05,4.429598181193089e-07,4.427824269152421e-09,3.1470597568927956e-06,9.638469605628702,9.638246909975635,0.13382388121266084,0.13382073011743417,0.01711333696888986
8,90,0.09,10.0,0.13369999999999999,0.026000000000000002,True,1.4958333333333333,240,180,0.0010346052004024386,0.012137092649936676,0.0004700454301200807,0.00046900659799575806,0.08846931904554367,0.03953099250793457,0.9858161211013794,0.9858161211013794,0.00020897388458251953,0.8703770637512207,0.8700144009457726,3.731562210842445e-07,2.804156866669655,3.731562210842454e-07,1.9341424657238855,1.7791879575303086e-07,-0.0003626628054480552,-0.14817526936531067,-0.14774363670084237,1.3616171354042485e-07,-0.4771756996711095,1.3616171354042514e-07,-0.3294320629702674,9.385397564516242e-08,0.00043163266446830106,-0.00018447637557983398,-0.0003194538114864063,7.161241234746367e-08,-0.000576544175176726,7.161241234746364e-08,-0.00025709036369031915,5.631445148426902e-08,-0.00013497743590657233,0.019815746694803238,0.019758017309423916,1.5500101705314795e-08,0.06380292850856979,1.5500101705314795e-08,0.044044911199145845,1.2415830518464675e-08,-5.7729385379321624e-05,0.11640138924121857,0.11635241057309785,4.741234701983946e-08,0.3749473200490077,4.741234701983924e-08,0.25859490947590935,2.4824166613543965e-08,-4.8978668120716606e-05,-0.0034443638287484646,-0.0034451366795004786,1.0726717426447844e-08,-0.0034446938865585254,1.0726717426447866e-08,4.427929419471689e-07,4.473426935152646e-09,-7.728507520139878e-07,9.63788006862558,9.637567212284079,0.1337361892476881,0.1337317650399441,0.02331834220702404
9,100,0.1,10.0,0.13369999999999999,0.026000000000000002,True,1.4958333333333333,240,180,0.0008911897311918437,0.009888012893497944,0.0006800364935770631,0.000653974711894989,0.12511451542377472,0.03934602439403534,0.9858182668685913,0.9858182668685913,0.00021648406982421875,0.9670877456665039,0.9666828523079538,1.248211492757492e-06,2.9008255233367284,1.2482114927574932e-06,1.934142671028773,2.0101161070584676e-07,-0.0004048933585500958,-0.16462767124176025,-0.16415902732147108,3.187307283654169e-06,-0.4935911647975445,3.1873072836541633e-06,-0.32943213747607336,9.816926441992254e-08,0.000468643920289169,-0.0002123117446899414,-0.0003589227309728606,5.04068542778388e-06,-0.0006159924128345058,5.040685427783864e-06,-0.0002570696818616448,5.797166675470161e-08,-0.0001466109862829192,0.021979883313179016,0.021917217204140214,4.224549408047213e-07,0.06596213299781084,4.224549408047213e-07,0.04404491579367055,1.2812669335539513e-08,-6.266610903880171e-05,0.12912483513355255,0.12912714514467466,1.3644344716162165e-07,0.3877220779657364,1.3644344716162183e-07,0.2585949328210619,2.277945332680865e-08,2.3100111221086017e-06,-0.004912787117063999,-0.004992394967929196,2.436850395167084e-07,-0.004991952906129882,2.436850395167088e-07,4.4206179931431205e-07,3.746276244213528e-09,-7.960785086519664e-05,9.63784548240968,9.633210658470523,0.13357756873041018,0.13351210446209535,0.03041194291528443
10,110,0.11,10.0,0.13369999999999999,0.026000000000000002,True,1.4958333333333333,240,180,0.00090644636657089,0.010126309469342232,0.0025416079442948103,0.0025388002395629883,0.07912936061620712,0.03746119886636734,0.9858201146125793,0.9858201146125793,0.00022339820861816406,1.0637986660003662,1.0633507900767805,5.220100258577679e-06,2.99749335249265,5.220100258577708e-06,1.9341425624158648,2.274544754444383e-07,-0.0004478759235857499,-0.18107819557189941,-0.1805702771577579,4.88913243390728e-05,-0.5100023758908113,4.889132433907281e-05,-0.3294320987330543,1.1396694870297929e-07,0.0005079184141415227,-0.0002410411834716797,-0.00039921673281544996,1.669297940845029e-05,-0.0006562905703807095,1.669297940845028e-05,-0.00025707383756525817,5.593295520220955e-08,-0.00015817554934377027,0.024187913335238894,0.02412007054727935,6.410977356201983e-06,0.0681649826777478,6.410977356201984e-06,0.04404491213046842,1.28748940268221e-08,-6.784278795954335e-05,0.14210908251504104,0.1419639228118795,4.716874661867218e-07,0.4005588412284851,4.716874661867218e-07,0.25859491841660603,2.7732029837946695e-08,-0.00014515970316153481,-0.007408779498655349,-0.007356481523131198,1.3164279675948085e-06,-0.0073560391688564175,1.3164279675948085e-06,4.4235427480998625e-07,4.25535467489899e-09,5.22979755241508e-05,9.637604890969174,9.64263351230031,0.1335061995878414,0.13357719181106698,0.04074026821537245
11,120,0.12,10.0,0.13369999999999999,0.026000000000000002,True,1.4958333333333333,240,180,0.000909765949472785,0.01009531319141388,0.0008494975627399981,0.0008494928479194641,0.09691327810287476,0.039150506258010864,0.9858232736587524,0.9858233332633972,0.00023436546325683594,1.1605112552642822,1.1600279331207328,3.475388002797875e-05,3.0941702365875243,3.475388002797867e-05,1.9341423034667968,1.8587801568608358e-07,-0.00048332214354940284,-0.19751778095960618,-0.19695449637042267,0.0001515408086702878,-0.5263865361611049,0.00015154080867028783,-0.3294320397906833,1.0280265535688656e-07,0.0005632845891835048,-0.0002758502960205078,-0.0004508166848406976,0.000209962507315016,-0.0007079046856233618,0.00020996250731501612,-0.00025708800078266196,5.8552210068487684e-08,-0.00017496638882018978,0.026407807040959595,0.02633242103167716,2.0156613408671247e-05,0.07037732809161147,2.0156613408671254e-05,0.044044907059934406,1.2535974488453954e-08,-7.538600928243613e-05,0.1551642633974552,0.15513499668902808,1.96786673067706e-06,0.41372987950841583,1.967866730677059e-06,0.25859488281938764,2.742466686529124e-08,-2.9266708427122534e-05,-0.004149610199965537,-0.004205155630521243,4.917369273889336e-06,-0.00420471322334682,4.9173692738893375e-06,4.424071744008668e-07,4.150896193230536e-09,-5.5545430555706266e-05,9.636031679233293,9.633496825463236,0.13373384576324854,0.1336979937850842,0.02135089936008562
12,130,0.13,10.0,0.13369999999999999,0.026000000000000002,True,1.4958333333333333,240,180,0.0011289541143923998,0.010134139098227024,0.001128507312387228,0.0011247619986534119,0.06852804124355316,0.038875237107276917,0.9858260154724121,0.9858263731002808,0.00024306774139404297,1.257224198182424,1.2567008760240383,0.0002868895957306805,3.1908434053262074,0.0002868895957306804,1.9341425293021732,1.7573379332795995e-07,-0.0005233221583855752,-0.21395626415808996,-0.21334548153811098,0.0080806851303096,-0.5427775703370571,0.0080806851303096,-0.3294320887989468,1.0401185141758832e-07,0.000610782619978989,-0.00030966798464457195,-0.0005039061505360422,0.004195280972523053,-0.0007609788682505799,0.004195280972523053,-0.00025707271771453733,6.184670861710915e-08,-0.00019423816589147027,0.028625953352699678,0.028544218206985026,0.0010726686121420644,0.07258913035814961,0.0010726686121420644,0.044044912151164475,1.3080550641611189e-08,-8.17351457146516e-05,0.16821439837416013,0.16812592869003687,8.87150612642908e-05,0.4267208454509576,8.87150612642908e-05,0.2585949167609215,2.2993247808849283e-08,-8.846968412326572e-05,-0.004149948182748631,-0.004146113390746916,0.0002468126048837396,-0.004145670430928779,0.0002468126048837398,4.429598181193089e-07,4.427824269152421e-09,3.834792001715381e-06,9.635031938672197,9.635726954071105,0.13378356926268342,0.13379340401866457,0.019433799867030577
13,140,0.14,10.0,0.13369999999999999,0.026000000000000002,True,1.4958333333333333,240,180,0.0008269171230494976,0.008891260251402855,0.0011098930845037103,0.0011060163378715515,0.05595291033387184,0.03889398276805878,0.985828697681427,0.985828697681427,0.0002472400665283203,1.3539371490478516,1.3533740358220252,1.4453609147854391e-05,3.2875165651241938,1.4453609147854447e-05,1.9341425293021732,1.7573379332795995e-07,-0.0005631132258263616,-0.23039352893829346,-0.22973729032609266,3.237519994244592e-05,-0.5591693791250388,3.237519994244593e-05,-0.3294320887989468,1.0401185141758832e-07,0.0006562386122007935,-0.000339508056640625,-0.0005404110802272855,1.9792036296476468e-05,-0.0007974837979418225,1.9792036296476468e-05,-0.00025707271771453733,6.184670861710915e-08,-0.0002009030235866605,0.03082534484565258,0.030737503483477445,4.314812738050766e-06,0.07478241563464204,4.314812738050759e-06,0.044044912151164475,1.3080550641611189e-08,-8.784136217513533e-05,0.1811557114124298,0.18106382551292657,2.0262058053843547e-06,0.43965874227384727,2.026205805384356e-06,0.2585949167609215,2.2993247808849283e-08,-9.188589950323567e-05,-0.0044927582959644495,-0.004490417742154641,8.341919938739478e-07,-0.004489974782336504,8.341919938739477e-07,4.429598181193089e-07,4.427824269152421e-09,2.340553809808757e-06,9.634207395199462,9.634713401452675,0.1337869803324181,0.13379414129873368,0.019545881018187654
14,150,0.15,10.0,0.13369999999999999,0.026000000000000002,True,1.4958333333333333,240,180,0.00083056470612064,0.009390950202941895,0.0008898474625311792,0.0008695721626281738,0.05595291033387184,0.039130426943302155,0.9858312606811523,0.9858312606811523,0.00025343894958496094,1.450650930404663,1.4500477032528933,7.572606311860513e-07,3.3841902166604996,7.572606311860513e-07,1.9341425134076013,1.4682185840989942e-07,-0.0006032271517697474,-0.24682921171188354,-0.24612856258948748,1.1404641443515123e-05,-0.5755606507261594,1.1404641443515118e-05,-0.32943208813667296,1.0034275475386801e-07,0.0007006491223960631,-0.00037288665771484375,-0.0005825749173204188,1.2317777053056168e-05,-0.0008396667471970432,1.2317777053056165e-05,-0.00025709182987662237,5.951601325826751e-08,-0.00020968825960557508,0.033048007637262344,0.03295417788128071,1.521299839977286e-06,0.07699909086028735,1.5212998399772796e-06,0.04404491297900677,1.316588574226119e-08,-9.382975598163507e-05,0.19423571228981018,0.19420345802274092,4.635090959724157e-07,0.4527983741213878,4.635090959724151e-07,0.25859491609864765,2.0998074032387652e-08,-3.225426706926493e-05,-0.005156082566827536,-0.005230466112525598,4.733391447245838e-07,-0.005230021841513614,4.7333914472458374e-07,4.4427101199870675e-07,4.337723121455117e-09,-7.438354569806217e-05,9.633468876081526,9.630722299352808,0.1339290132228644,0.13389010009473898,0.021250951362558352
15,160,0.16,10.0,0.13369999999999999,0.026000000000000002,True,1.4958333333333333,240,180,0.0008668893715366721,0.009435461834073067,0.0008947059395723045,0.0008767098188400269,0.10467831045389175,0.0391232892870903,0.9858336448669434,0.9858336448669434,0.00026476383209228516,1.5473647117614746,1.5467214806212342,6.749240378626009e-06,3.4808640827735267,6.749240378626009e-06,1.9341426021522945,1.8880090334998447e-07,-0.0006432311402404522,-0.2632609009742737,-0.262513025601704,2.732351915095216e-05,-0.5919451455275218,2.732351915095216e-05,-0.32943211992581684,1.1916765892630586e-07,0.0007478753725697063,-0.0004156827926635742,-0.000646213868781666,2.8274433045131364e-05,-0.0009033086336179015,2.8274433045131357e-05,-0.000257094764836236,5.303520552299051e-08,-0.00023053107611809183,0.03524535149335861,0.03514530765306632,3.6438866363060226e-06,0.07919022301211953,3.6438866363060226e-06,0.04404491535905335,1.546872895389143e-08,-0.00010004384029229513,0.20716974139213562,0.2071193994333357,3.038946511968306e-07,0.4657143256316582,3.038946511968304e-07,0.2585949261983236,2.89407521576247e-08,-5.034195879990988e-05,-0.005488159600645304,-0.0055479699748314775,9.235458786435791e-07,-0.005547525852064913,9.235458786435794e-07,4.441227665728952e-07,5.065679245860812e-09,-5.9810374186173784e-05,9.632576825752736,9.630571031624012,0.13390865907554803,0.13388024298036275,0.021134075012525646
16,170,0.17,10.0,0.13369999999999999,0.026000000000000002,True,1.4958333333333333,240,180,0.000836296530906111,0.009452532976865768,0.0008395409677177668,0.0008308365941047668,0.08846931904554367,0.03916916251182556,0.9858361482620239,0.9858361482620239,0.0002707242965698242,1.6440789699554443,1.6433959596686851,6.251498848954472e-07,3.5775385836760205,6.251498848954494e-07,1.934142624007331,1.8324931497824068e-07,-0.0006830102867592114,-0.27969008684158325,-0.27889785278174656,1.9843759765710123e-05,-0.6083299713830154,1.9843759765710082e-05,-0.3294321186012692,8.406709184930793e-08,0.0007922340598366939,-0.0004514455795288086,-0.0006921459775993642,7.263633515734721e-06,-0.0009492465321576068,7.263633515734718e-06,-0.0002571005545582415,5.6299568890591023e-08,-0.00024070039807055563,0.03742866590619087,0.03732262444165033,2.632848623964971e-06,0.08136754066993793,2.632848623964965e-06,0.04404491622828775,1.145900380743996e-08,-0.00010604146454053914,0.22002333402633667,0.21997915187643594,2.864393111850861e-07,0.4785740848630667,2.864393111850861e-07,0.25859493298663033,2.5919344569662843e-08,-4.4182149900734435e-05,-0.0059059481136500835,-0.005980967717598371,6.707572735357212e-07,-0.005980523904630293,6.707572735357222e-07,4.438129680453231e-07,4.760028792471347e-09,-7.501960394828717e-05,9.631798027946717,9.629354297009726,0.13385645168604685,0.13382184218842808,0.021445011705697205
17,180,0.18,10.0,0.13369999999999999,0.026000000000000002,True,1.4958333333333333,240,180,0.0008503824356012046,0.009552741423249245,0.001044015632942319,0.0010396316647529602,0.05595291033387184,0.03896036744117737,0.9858389496803284,0.9858389496803284,0.00028204917907714844,1.7407945394515991,1.7400734007358616,0.00016506801505732248,3.6742157459259035,0.0001650680150573224,1.9341423451900481,1.7921307306905577e-07,-0.0007211387157375349,-0.29611489176750183,-0.2952748704287738,0.0001414730676260827,-0.624706935385863,0.0001414730676260827,-0.3294320649570889,1.207048240072823e-07,0.0008400213387280142,-0.0004978775978088379,-0.000757743624853905,0.00011262252615952852,-0.0010148342019723107,0.00011262252615952863,-0.0002570905771184092,5.6289278771666865e-08,-0.0002598660270450671,0.039619372707481185,0.039506904418683875,1.7949801188596844e-05,0.08355181878432631,1.7949801188596844e-05,0.044044914365642604,1.6339689859481343e-08,-0.00011246828879730997,0.23292350843548776,0.23281804517739263,6.071183105481718e-06,0.4914129392554363,6.0711831054817115e-06,0.25859489407804276,2.834988562667999e-08,-0.00010546325809512869,-0.005889196573601415,-0.005892397811203394,2.634700835067841e-06,-0.005891954821224014,2.6347008350678394e-06,4.4298997939525485e-07,4.741822052421263e-09,-3.2012376019793093e-06,9.630839727615616,9.63078410719155,0.1337978300679362,0.13379704260411732,0.019955635922037456
18,190,0.19,10.0,0.13369999999999999,0.026000000000000002,True,1.4958333333333333,240,180,0.0008627112838439643,0.009361395612359047,0.00102826370857656,0.0010237395763397217,0.05595291033387184,0.03897625952959061,0.9858415126800537,0.9858415126800537,0.00029098987579345703,1.837510108947754,1.8367489533291823,3.0633960843543134e-06,3.770891428987185,3.0633960843543134e-06,1.9341424756579928,1.6323877079390655e-07,-0.0007611556185715962,-0.312538206577301,-0.311652172191276,2.1280213890918482e-05,-0.6410842455923558,2.128021389091858e-05,-0.3294320734010802,1.1952094171456245e-07,0.0008860343860250253,-0.0005424022674560547,-0.0008177638312594711,1.3318294348123312e-05,-0.0010748499543600095,1.331829434812331e-05,-0.0002570861231005337,5.9340425968570086e-08,-0.0002753615638034164,0.04181702435016632,0.04169839498483478,2.8248740280608264e-06,0.08574330533544222,2.8248740280608297e-06,0.0440449103506075,1.707686107405032e-08,-0.0001186293653315379,0.24586625397205353,0.2457571860816732,1.9221147020239798e-07,0.5043520957231522,1.922114702023976e-07,0.2585949096414778,2.2560578730222188e-08,-0.0001090678903803155,-0.00624483497813344,-0.00624870566288206,5.323279237578669e-07,-0.006248261835814143,5.323279237578677e-07,4.4382706789747315e-07,4.895117074880497e-09,-3.870684748620221e-06,9.630000633486949,9.629843013520421,0.13380009589020225,0.13379786411128386,0.020050255446469108
19,200,0.2,10.0,0.13369999999999999,0.026000000000000002,True,1.4958333333333333,240,180,0.0008610725053586066,0.009305799379944801,0.001012115622870624,0.0010074302554130554,0.0,0.03899256885051727,0.9858438968658447,0.9858438968658447,0.00030171871185302734,1.9342257976531982,1.9334252701865249,2.2338964289629164e-06,3.8675677835941316,2.2338964289629114e-06,1.9341425134076013,1.4682185840989942e-07,-0.0008005274666733619,-0.328960657119751,-0.32803166732192185,3.155284381060632e-06,-0.6574637554585934,3.155284381060632e-06,-0.32943208813667296,1.0034275475386801e-07,0.0009289897978291273,-0.0005918741226196289,-0.0008863315298286654,6.7903874428959375e-06,-0.0011434233597052905,6.790387442895936e-06,-0.00025709182987662237,5.951601325826751e-08,-0.0002944574072090365,0.04401463642716408,0.04389028145621213,4.231700971606565e-07,0.08793519443521897,4.2317009716065497e-07,0.04404491297900677,1.316588574226119e-08,-0.00012435497095195092,0.25880953669548035,0.2586967487302105,1.5105487786053375e-07,0.5172916648288568,1.510548778605334e-07,0.25859491609864765,2.0998074032387652e-08,-0.00011278796526986712,-0.006604352500289679,-0.006608438838226804,9.439980803864703e-08,-0.006607994567214822,9.4399808038647e-08,4.4427101199870675e-07,4.337723121455117e-09,-4.086337937125699e-06,9.629304894221624,9.629065883507197,0.13380230036263724,0.13379891586241072,0.020145734380398867
20,210,0.21,10.0,0.13369999999999999,0.026000000000000002,True,1.4958333333333333,240,180,0.0010992938186973333,0.011946161277592182,0.0009973498526960611,0.000992506742477417,0.07912936061620712,0.03900749236345291,0.9858464598655701,0.9858466982841492,0.00031316280364990234,2.030942847331365,2.030101442005894,0.00026919730033723896,3.9642439554135005,0.00026919730033723934,1.9341425134076013,1.4682185840989942e-07,-0.0008414053254712783,-0.3453737494846185,-0.34436030089855346,0.002563379178837491,-0.6737923890352249,0.00256337917883749,-0.32943208813667296,1.0034275475386801e-07,0.0010134485860650577,-0.0006414612134297688,-0.0009293263182472475,0.0010059597913430996,-0.0011864181481238726,0.0010059597913430994,-0.00025709182987662237,5.951601325826751e-08,-0.0002878651048174787,0.046211026360591254,0.04607533371696859,0.00034022135104138463,0.09012024669597546,0.00034022135104138474,0.04404491297900677,1.316588574226119e-08,-0.00013569264362266187,0.27175317915777364,0.27163542798823925,3.668434542141492e-05,0.5302303440868854,3.668434542141489e-05,0.25859491609864765,2.0998074032387652e-08,-0.0001177511695343858,-0.0069649442564696075,-0.0069673748251051545,7.753649707297336e-05,-0.006966930554093172,7.753649707297338e-05,4.4427101199870675e-07,4.337723121455117e-09,-2.4305686355469494e-06,9.627280774291966,9.62699230306259,0.13380386928834595,0.13379978353120942,0.020232805021150515
21,220,0.22,10.0,0.13369999999999999,0.026000000000000002,True,1.4958333333333333,240,180,0.0010342714376747608,0.012408499605953693,0.0009830337949097157,0.0009780973196029663,0.05595291033387184,0.03902190178632736,0.9858487248420715,0.9858487844467163,0.0003223419189453125,2.12765896320343,2.1267819941043773,0.002318844731607877,4.0609242737293245,0.002318844731607876,1.934142279624939,2.0263424488337357e-07,-0.0008769690990528822,-0.36179375648498535,-0.3607712119817727,0.008004860848178525,-0.6902032514413198,0.008004860848178523,-0.3294320394595464,9.673227650434086e-08,0.0010225445032126523,-0.000695347785949707,-0.0010256514537710815,0.002199656501274332,-0.0012827429607568774,0.0021996565012743323,-0.00025709150698579225,5.764290357000512e-08,-0.0003303036678213745,0.048408107832074165,0.04827129468321812,0.0010636283874659847,0.09231620586166779,0.001063628387465984,0.04404491117844979,1.3840939957367755e-08,-0.00013681314885604506,0.28469546139240265,0.2845747596687744,0.00023955916116634183,0.5431696424881617,0.00023955916116634175,0.25859488281938764,3.345582547215197e-08,-0.00012070172362826925,-0.0073256720788776875,-0.007328837863170168,0.00025386672500872737,-0.0073283957744327685,0.0002538667250087274,4.4208873741051016e-07,4.935389593464286e-09,-3.1657842924802046e-06,9.627575781484957,9.627220529996324,0.13380532676016635,0.13380029525653211,0.020314364394297745
22,230,0.23,10.0,0.13369999999999999,0.026000000000000002,True,1.4958333333333333,240,180,0.0008746900712139904,0.009508160874247551,0.0009676875197328627,0.0009625405073165894,0.06852804124355316,0.03903745859861374,0.9858512282371521,0.9858512282371521,0.0003279447555541992,2.2243762016296387,2.223458405335744,5.470604083419153e-06,4.1576007862885795,5.470604083419133e-06,1.934142380952835,1.9021594662094236e-07,-0.0009177962938946571,-0.3782036304473877,-0.377137213862604,2.794595284346922e-05,-0.706569284449021,2.7945952843469265e-05,-0.32943207058641644,1.3618897476153086e-07,0.0010664165847836804,-0.00074005126953125,-0.0010822409755847837,2.5317014891240593e-05,-0.0013393228267280695,2.5317014891240583e-05,-0.0002570818511432865,5.999653881053469e-08,-0.0003421897060535337,0.05060423165559769,0.05046162768784503,3.7264541966021e-06,0.09450653977692128,3.7264541966020936e-06,0.04404491208907631,1.5373205680585283e-08,-0.00014260396775265388,0.2976400554180145,0.2975144904520758,2.7964853776111287e-07,0.5561093846956889,2.796485377611119e-07,0.2585948942436112,2.7588520329155202e-08,-0.00012556496593874034,-0.007692215498536825,-0.00769460186281967,8.079734778248543e-07,-0.00769415739341639,8.079734778248539e-07,4.444694032675519e-07,4.249808049407908e-09,-2.3863642828443957e-06,9.626737840273785,9.626362701688837,0.1338070861762538,0.133801772492886,0.020402658714085194
23,240,0.24,10.0,0.13369999999999999,0.026000000000000002,True,1.4958333333333333,240,180,0.0008588095079176128,0.009286309592425823,0.0009530409588478506,0.0009477436542510986,0.05595291033387184,0.03905225545167923,0.9858539700508118,0.9858539700508118,0.0003349781036376953,2.321094512939453,2.320138099458478,1.1733154384392115e-06,4.254280358552933,1.1733154384392115e-06,1.9341422590944501,1.781269082668139e-07,-0.0009564134809751934,-0.39461177587509155,-0.39350013906757153,1.5683703330473186e-05,-0.722932185480992,1.5683703330473125e-05,-0.3294320464134216,1.229951710452759e-07,0.0011116368075200223,-0.0007884502410888672,-0.0011421490931146198,9.292183722828116e-06,-0.0013992386952547046,9.292183722828128e-06,-0.0002570896021400889,6.219581244915526e-08,-0.00035369885202575263,0.05279994010925293,0.052651135726935576,2.0950440537095268e-06,0.09669604593267044,2.0950440537095246e-06,0.0440449102057351,1.5144861813049194e-08,-0.00014880438231735377,0.3105837404727936,0.31045397188928475,3.864871094998301e-07,0.569048847258091,3.8648710949983066e-07,0.25859487536880704,2.581704358753221e-08,-0.00012976858350882692,-0.008060100488364697,-0.008061605949782917,4.00862899215424e-07,-0.008061161641186724,4.0086289921542413e-07,4.4430859623566397e-07,4.26888417001719e-09,-1.505461418220208e-06,9.625882507309543,9.625435969744109,0.13380840216439915,0.13380207654232712,0.02048692020512497
24,250,0.25,10.0,0.13369999999999999,0.026000000000000002,True,1.4958333333333333,240,180,0.0008436049683950841,0.009053177200257778,0.0009382646530866623,0.0009328126907348633,0.05595291033387184,0.039067186415195465,0.9858567118644714,0.9858567118644714,0.00034415721893310547,2.417813777923584,2.4168183598253483,1.4573698757208024e-05,4.350960574547449,1.4573698757208092e-05,1.9341422147221035,1.7051755902063841e-07,-0.0009954180982356675,-0.41101503372192383,-0.40985671513610594,5.4409714399971966e-05,-0.7392887348930041,5.440971439997197e-05,-0.32943201975689995,1.0725030187672942e-07,0.0011583185858178857,-0.0008442401885986328,-0.0012146377384649703,6.462357451906322e-05,-0.0014717437064973638,6.462357451906322e-05,-0.0002571059680323944,5.421707190762554e-08,-0.00037039754986633753,0.05499500166624784,0.05483989220940422,7.272124119411945e-06,0.09888480125615993,7.272124119411952e-06,0.0440449090467559,1.5655345100502343e-08,-0.00015510945684362593,0.3235278181731701,0.3233933222790567,2.6167188736023136e-07,0.5819881948331992,2.6167188736023163e-07,0.25859487255414326,2.8281739104789802e-08,-0.00013449589411340668,-0.00843103784136474,-0.00843111312291283,1.6373362704541704e-06,-0.008430669937903682,1.6373362704541713e-06,4.431850091653663e-07,5.069588447264516e-09,-7.52815480890845e-08,9.624947077383492,9.624457788792393,0.13380952729208279,0.13380259535626465,0.020570879557537593
25,260,0.26,10.0,0.13369999999999999,0.026000000000000002,True,1.4958333333333333,240,180,0.0010049187112599611,0.01206981111317873,0.000923622224945575,0.0009180307388305664,0.07912936061620712,0.03908196836709976,0.9858590364456177,0.9858591556549072,0.0003516674041748047,2.5145325660705566,2.513497649298784,0.001405829983213201,4.447639713684718,0.0014058299832132005,1.934142064385944,1.7171225268120982e-07,-0.001034916771772476,-0.42741659283638,-0.4262113884091384,0.004888830250022511,-0.755643347899119,0.004888830250022511,-0.32943195948998133,1.3466060054518733e-07,0.0012052044272415907,-0.0008956789970397949,-0.001280268521804831,0.0010073969787001366,-0.0015373399064022427,0.0010073969787001368,-0.0002570713845974145,5.903958363390597e-08,-0.0003845895247650362,0.057189782802015546,0.05702849248838068,0.0006493651952016749,0.1010733926979204,0.0006493651952016749,0.04404490020953947,1.6664799823409956e-08,-0.00016129031363486257,0.3364713840186596,0.3363316527671272,0.00015284578727226418,0.594926496843497,0.00015284578727226426,0.25859484407636857,2.76229707312676e-08,-0.00013973125153243782,-0.008804427715949715,-0.008802441723190323,0.00015466120501738,-0.008802000860062739,0.00015466120501737995,4.408631276141427e-07,6.477566761472025e-09,1.9859927593915416e-06,9.624045090024476,9.623557638336502,0.13381021178235716,0.13380330521256886,0.020652760490624162
26,270,0.27,10.0,0.13369999999999999,0.026000000000000002,True,1.4958333333333333,240,180,0.0008383242529816926,0.008998760022222996,0.0009096958092413843,0.000903986394405365,0.06852804124355316,0.03909601271152496,0.9858614206314087,0.9858614206314087,0.00035822391510009766,2.6112513542175293,2.6101760764916757,4.532393322741412e-06,4.544318356116613,4.532393322741405e-06,1.934142279624939,2.0263424488337357e-07,-0.001075277725853585,-0.4438176155090332,-0.4425690377751979,1.782515553046995e-05,-0.772001077234745,1.7825155530469962e-05,-0.3294320394595464,9.673227650434086e-08,0.0012485777338352988,-0.0009486675262451172,-0.0013462491852502974,2.52356820871324e-05,-0.0016033406922360883,2.5235682087132406e-05,-0.00025709150698579225,5.764290357000512e-08,-0.0003975816590051802,0.059384435415267944,0.059217464023580295,2.3891014852426465e-06,0.10326237520202994,2.3891014852426444e-06,0.04404491117844979,1.3840939957367755e-08,-0.00016697139168764946,0.3494146764278412,0.34927010825938803,1.7274619090942945e-07,0.6078649910787741,1.72746190909429e-07,0.25859488281938764,3.345582547215197e-08,-0.0001445681684531519,-0.009178662672638893,-0.009174932284902118,5.705461883576339e-07,-0.009174490196164698,5.705461883576342e-07,4.4208873741051016e-07,4.935389593464286e-09,3.7303877367753785e-06,9.623276538433812,9.622779994933332,0.13381093766242783,0.13380390169467682,0.02073107583626875
27,280,0.28,10.0,0.13369999999999999,0.026000000000000002,True,1.4958333333333333,240,180,0.0008606247138231993,0.009359637275338173,0.0008955876692198217,0.0008898675441741943,0.05595291033387184,0.039110131561756134,0.9858644008636475,0.9858644008636475,0.00036776065826416016,2.707972526550293,2.706859491268797,7.989252966496646e-06,4.641001770893733,7.989252966496646e-06,1.934142279624939,2.0263424488337357e-07,-0.0011130352814960887,-0.4602118730545044,-0.4589153533180548,3.0119986089724125e-05,-0.7883473927776019,3.0119986089724162e-05,-0.3294320394595464,9.673227650434086e-08,0.0012965197364496195,-0.0010104179382324219,-0.001421325419020531,3.411915716502723e-05,-0.001678416926006321,3.411915716502723e-05,-0.00025709150698579225,5.764290357000512e-08,-0.00041090748078810905,0.06157773360610008,0.061404250531147064,4.024865594554255e-06,0.10544916170959671,4.024865594554255e-06,0.04404491117844979,1.3840939957367755e-08,-0.00017348307495301807,0.3623558580875397,0.3622063101993684,2.602274771161378e-07,0.6208011930187544,2.602274771161378e-07,0.25859488281938764,3.345582547215197e-08,-0.0001495478881712864,-0.009555737487971783,-0.009549578179916331,9.181399857822245e-07,-0.009549136091178904,9.181399857822251e-07,4.4208873741051016e-07,4.935389593464286e-09,6.1593080554513124e-06,9.622312285681474,9.621780668195507,0.13381053259975087,0.1338029989347303,0.02080901872397789
28,290,0.29,10.0,0.13369999999999999,0.026000000000000002,True,1.4958333333333333,240,180,0.0008625232148915529,0.009634118527173996,0.0008815442561171949,0.0008755922317504883,0.06852804124355316,0.03912440687417984,0.9858667850494385,0.9858668446540833,0.0003762245178222656,2.8046927859385806,2.8035414603021334,0.0005476281360783676,4.73768435716629,0.000547628136078367,1.9341428968641492,1.8730572202412947e-07,-0.0011513256364472646,-0.4766062940160433,-0.4752622218595597,0.00614628932290034,-0.8046943818529447,0.006146289322900341,-0.3294321599933836,7.593159176453299e-08,0.0013440721564836333,-0.0010690589745839436,-0.0014936858178569146,0.00518422931282027,-0.0017507576339994557,0.00518422931282027,-0.000257071816142545,5.6736229983280185e-08,-0.000424626843272971,0.06377194377904137,0.06359212707935076,0.0008201338376035154,0.10763704469427467,0.0008201338376035134,0.04404491761492358,1.0829341125407564e-08,-0.00017981669969061032,0.37530206007262074,0.3751472970677737,9.742617231195253e-05,0.6337422582010428,9.742617231195248e-05,0.25859496113326813,2.2577067928198363e-08,-0.00015476300484701389,-0.00993609669385478,-0.009927049508607086,0.00019903166430038942,-0.009926606326674421,0.00019903166430038934,4.431819326732188e-07,5.060221238597879e-09,9.047185247693795e-06,9.621430389474758,9.62089166869536,0.13381193122335514,0.13380429614315584,0.02088752072438136
29,300,0.3,10.0,0.13369999999999999,0.026000000000000002,True,1.4958333333333333,240,180,0.000856243830639869,0.0093051977455616,0.0008676335564814508,0.0008615553379058838,0.05595291033387184,0.039138443768024445,0.985869288444519,0.985869288444519,0.0003848075866699219,2.901413917541504,2.900222501489861,5.831038153442536e-07,4.834365238746007,5.831038153442513e-07,1.9341427372561562,1.9898272001047813e-07,-0.0011914160516428574,-0.49299609661102295,-0.4916096863647281,2.805523849403376e-07,-0.8210418028136094,2.80552384940337e-07,-0.32943211644887926,8.204299306376786e-08,0.0013864102462948225,-0.0011324882507324219,-0.0015756462579399036,1.4120681962322551e-07,-0.001832738938780191,1.4120681962322551e-07,-0.00025709268084028736,4.716321663207524e-08,-0.0004431580072074817,0.06596509367227554,0.06577969169658125,3.1567843064381904e-08,0.1098246056276063,3.1567843064381844e-08,0.0440449139310254,1.1542539092954747e-08,-0.00018540197569429095,0.38824594020843506,0.3880855994092096,9.35850291923416e-08,0.6466805423299472,9.358502919234141e-08,0.2585949429207378,2.481083760460225e-08,-0.00016034079922544464,-0.010318138636648655,-0.0103063507737905,2.4827754915974613e-08,-0.010305906382078926,2.4827754915974676e-08,4.4439171157743357e-07,5.073601965007276e-09,1.1787862858155668e-05,9.620621752101007,9.620082488550809,0.13381235377970063,0.1338047103648379,0.02096449899106373
30,310,0.31,10.0,0.13369999999999999,0.026000000000000002,True,1.4958333333333333,240,180,0.0010900330962613225,0.012246444821357727,0.0008513920474797487,0.0008452385663986206,0.06852804124355316,0.03915476053953171,0.9858716726303101,0.9858720302581787,0.0003941059112548828,2.9981350471576054,2.9969072918097255,0.0014820686694117118,4.931049688657125,0.001482068669411715,1.934142396847407,1.5446921887247472e-07,-0.0012277553478798886,-0.5093855385979017,-0.5079607288870531,0.009150205544714867,-0.8373927844067415,0.00915020554471486,-0.3294320555196868,9.934371073651014e-08,0.0014248097108485736,-0.001197133461634318,-0.0016576746746573589,0.005314933461028706,-0.0019147606680841515,0.005314933461028711,-0.0002570859934268002,6.012755646055303e-08,-0.0004605412130230409,0.06815788773819804,0.06796715763501031,0.0012179017824337733,0.11201206411545475,0.001217901782433773,0.044044906480444804,1.1893205625058415e-08,-0.0001907301031877362,0.401188018048803,0.40102226684490644,9.942031772838738e-05,0.6596171602606773,9.942031772838723e-05,0.25859489341576897,2.2073913522116047e-08,-0.00016575120389655806,-0.0107102684249791,-0.010697037422931979,0.000290937348274532,-0.010696593303388605,0.0002909373482745314,4.441195433931474e-07,4.449694666771912e-09,1.3231002047121854e-05,9.619919970763808,9.619350297062757,0.13381203614167972,0.13380396115252258,0.021058788238156306
31,320,0.32,10.0,0.13369999999999999,0.026000000000000002,True,1.4958333333333333,240,180,0.0008367423433810472,0.009127258323132992,0.0008292397833429277,0.0008231624960899353,0.05595291033387184,0.03917683660984039,0.9858741760253906,0.9858742952346802,0.0004012584686279297,3.0948567390441895,3.0935861064328045,0.00100167789070612,5.027728462219239,0.0010016778907061207,1.9341423557864295,1.8449066474045964e-07,-0.0012706326113849364,-0.5257734656333923,-0.5243062015208939,0.012759536297205297,-0.8537382302184899,0.01275953629720529,-0.32943202869759663,8.693061507496308e-08,0.0014672641124984231,-0.001259446144104004,-0.0017377771894745108,0.010435730474141074,-0.001994860051975896,0.01043573047414108,-0.00025708286250139485,5.918726541692406e-08,-0.00047833104537050686,0.07034962624311447,0.07015323334684007,0.0017020869305211554,0.11419813862691323,0.0017020869305211551,0.04404490528007348,1.1581951974376483e-08,-0.00019639289627440548,0.4141251742839813,0.4139538860983306,0.00020769156311669485,0.672548774878184,0.00020769156311669488,0.25859488877985215,2.7533009668534566e-08,-0.0001712881856507087,-0.011122577358037233,-0.011108997191489696,0.00041477631579422074,-0.01110855305256943,0.0004147763157942207,4.4413892020934833e-07,5.2591536079814635e-09,1.3580166547537062e-05,9.61918000791793,9.618591924257492,0.13381036501216328,0.13380202855381335,0.02118799502898307
32,330,0.33,10.0,0.13369999999999999,0.026000000000000002,True,1.4958333333333333,240,180,0.0008215717971324921,0.009678899310529232,0.0008019506349228323,0.0007962509989738464,0.05595291033387184,0.03920374810695648,0.9858766794204712,0.9858766794204712,0.00040984153747558594,3.1915786266326904,3.190269249677643,0.000726355326988185,5.124411873022715,0.0007263553269881845,1.9341426233450572,1.973445895942829e-07,-0.0013093769550476253,-0.5421583652496338,-0.5406428103645632,0.00042995533280370927,-0.8700749213496844,0.00042995533280370895,-0.32943211098512015,9.129613273006244e-08,0.0015155548850706024,-0.0013265609741210938,-0.001816118298706382,0.0013612248476366203,-0.00207321986866494,0.0013612248476366218,-0.0002571015699585486,4.639801879916623e-08,-0.0004895573245852882,0.07253934815526009,0.07233646175720633,5.9200461630113756e-05,0.11638137477760514,5.920046163011368e-05,0.04404491302039888,1.2621032909471423e-08,-0.00020288639805375597,0.42705298960208893,0.42687614518735306,2.241177673041373e-05,0.6854710730413596,2.241177673041372e-05,0.25859492785400817,2.8431445847004758e-08,-0.0001768444147358661,-0.011554788798093796,-0.011543894753285266,2.2677492986780603e-05,-0.011543451358253758,2.267749298678059e-05,4.4339503154510063e-07,5.017786455111994e-09,1.089404480852929e-05,9.61831733807386,9.617714948059636,0.13380567963988815,0.1337971399424119,0.021352165481496096
33,340,0.34,10.0,0.13369999999999999,0.026000000000000002,True,1.4958333333333333,240,180,0.001069124904461205,0.012107731774449348,0.0005748525727540255,0.0005699470639228821,0.07912936061620712,0.039430052042007446,0.9858788251876831,0.9858793020248413,0.0004200935363769531,3.288301236430804,3.286966862943429,0.0021294833812624146,5.221109759807587,0.0021294833812624137,1.9341428968641492,1.8730572202412947e-07,-0.0013343734873747515,-0.5585381001234054,-0.5568825879858582,0.01484675865095088,-0.8863147479792436,0.014846758650950885,-0.3294321599933836,7.593159176453299e-08,0.0016555121375472215,-0.0013971765836079916,-0.0018538065319363482,0.009005583280184255,-0.002110878348078889,0.009005583280184255,-0.000257071816142545,5.6736229983280185e-08,-0.00045662994832835666,0.07471917731066545,0.07449775992168307,0.0019740146466096574,0.11854267753660679,0.0019740146466096574,0.04404491761492358,1.0829341125407564e-08,-0.00022141738898237562,0.4399285045762857,0.43989508557650675,0.0001660436584766104,0.6984900467097759,0.00016604365847661042,0.25859496113326813,2.2577067928198363e-08,-3.341899977893359e-05,-0.012648608764478316,-0.012856496770068412,0.00047650547892828495,-0.01285605358813579,0.0004765054789282851,4.431819326732188e-07,5.060221238597879e-09,-0.00020788800559009592,9.61582308599147,9.612038613677145,0.13383009440581561,0.13377642168904536,0.023086548309165122
34,350,0.35000000000000003,10.0,0.13369999999999999,0.026000000000000002,True,1.4958333333333333,240,180,0.0009662483353167772,0.011521656066179276,0.00016851956024765968,0.0001678764820098877,0.06852804124355316,0.03983212262392044,0.9858810305595398,0.9858813285827637,0.0004271268844604492,3.385023801525434,3.3836346036857945,0.0005547230115243147,5.317777500549952,0.0005547230115243148,1.9341428968641492,1.8730572202412947e-07,-0.0013891978396394222,-0.574922846754392,-0.5733234359986235,0.0019069277716263165,-0.9027555959920088,0.0019069277716263161,-0.3294321599933836,7.593159176453299e-08,0.0015994107557685266,-0.0014667193094889323,-0.001986228682572906,0.0015324353675142323,-0.0022433004987154467,0.0015324353675142317,-0.000257071816142545,5.6736229983280185e-08,-0.0005195093730839735,0.07687588644524415,0.07666188393616004,0.0002537454483084101,0.12070680155108372,0.00025374544830841,0.04404491761492358,1.0829341125407564e-08,-0.000214002509084113,0.45266559173663456,0.4534382426076455,4.92291609872038e-05,0.7120332037409146,4.9229160987203934e-05,0.25859496113326813,2.2577067928198363e-08,0.0007726508710109159,-0.014380023193856081,-0.015471439525773756,6.504016287579805e-05,-0.015470996343841156,6.504016287579807e-05,4.431819326732188e-07,5.060221238597879e-09,-0.0010914163319176752,9.616864425450947,9.596135993263365,0.13400922254244446,0.13371489655333765,0.02698553478600673
35,360,0.36,10.0,0.13369999999999999,0.026000000000000002,True,1.4958333333333333,240,180,0.0008267590310424566,0.00895960908383131,0.0008323752554133534,0.0008239150047302246,0.13705609738826752,0.039176084101200104,0.9858844876289368,0.9858844876289368,0.00043523311614990234,3.481750011444092,3.480325337913318,1.705048288594217e-05,5.414467851320903,1.7050482885942195e-05,1.9341425134076013,1.4682185840989942e-07,-0.0014246735307739122,-0.5912784337997437,-0.589623319605987,5.109545109300733e-05,-0.9190554077426593,5.1095451093007265e-05,-0.32943208813667296,1.0034275475386801e-07,0.001655114193756635,-0.0015370845794677734,-0.002074442413545017,8.556627276340682e-05,-0.002331534243421629,8.55662727634068e-05,-0.00025709182987662237,5.951601325826751e-08,-0.0005373578340772435,0.07912518829107285,0.0789038194653885,6.861121836612365e-06,0.12294873244439562,6.861121836612367e-06,0.04404491297900677,1.316588574226119e-08,-0.0002213688256843399,0.46596208214759827,0.4657703624831327,2.685043194862873e-07,0.7243652785817782,2.6850431948628675e-07,0.25859491609864765,2.0998074032387652e-08,-0.00019171966446557276,-0.012504493817687035,-0.012489259331363025,1.701286751719757e-06,-0.012488815060351044,1.7012867517197572e-06,4.4427101199870675e-07,4.337723121455117e-09,1.5234486324009963e-05,9.61552965587449,9.614907578307903,0.13382954674070568,0.13382072391254066,0.021181759465872065
36,370,0.37,10.0,0.13369999999999999,0.026000000000000002,True,1.4958333333333333,240,180,0.0008413742179982364,0.009922340512275696,0.0004326583002693951,0.00042992085218429565,0.07912936061620712,0.03957007825374603,0.9858868718147278,0.9858868718147278,0.0004439353942871094,3.5784735679626465,3.577010350757177,0.0002768164895875681,5.51115295290947,0.00027681648958756796,1.9341426021522945,1.8880090334998447e-07,-0.0014632172054693804,-0.6076556444168091,-0.605958596616984,5.108114271205787e-05,-0.9353907165428003,5.1081142712057864e-05,-0.32943211992581684,1.1916765892630586e-07,0.0016970477998250466,-0.001611471176147461,-0.0021621512601591717,0.0006589661726046926,-0.0024192460249954214,0.0006589661726046928,-0.000257094764836236,5.303520552299051e-08,-0.0005506800840117108,0.08127377927303314,0.08104685971306438,8.017638883575548e-06,0.12509177507211763,8.017638883575529e-06,0.04404491535905335,1.546872895389143e-08,-0.0002269195599687579,0.47865769267082214,0.47845666011174437,1.6980710673693298e-05,0.7370515863100687,1.6980710673693376e-05,0.2585949261983236,2.89407521576247e-08,-0.00020103255907777395,-0.014260548632591963,-0.014268354289875785,1.0021583069755356e-05,-0.01426791016710922,1.0021583069755356e-05,4.441227665728952e-07,5.065679245860812e-09,-7.805657283822473e-06,9.614833237388686,9.614199595863068,0.1337588134209523,0.13374983070715094,0.023546747862865234
37,380,0.38,10.0,0.13369999999999999,0.026000000000000002,True,1.4958333333333333,240,180,0.0008282837807200849,0.009035664610564709,0.00042642123298719525,0.00042369961738586426,0.07912936061620712,0.039576299488544464,0.9858893156051636,0.9858893156051636,0.00045299530029296875,3.6751983165740967,3.6736959073278594,5.3110505850921424e-06,5.607838531335195,5.311050585092124e-06,1.934142624007331,1.8324931497824068e-07,-0.0015024092462372352,-0.6240226030349731,-0.6222810914946917,1.4365085607135542e-05,-0.9517132100959619,1.4365085607135488e-05,-0.3294321186012692,8.406709184930793e-08,0.0017415115402814596,-0.0016887187957763672,-0.0022589800067685786,2.4839387996048034e-05,-0.0025160805613268166,2.483938799604803e-05,-0.0002571005545582415,5.6299568890591023e-08,-0.0005702612109922114,0.08346255123615265,0.08322971380419225,1.9149100567377366e-06,0.12727463003247977,1.9149100567377358e-06,0.04404491622828775,1.145900380743996e-08,-0.00023283743196039763,0.49159470200538635,0.4913887932068791,2.466557214905441e-07,0.7499837261935075,2.46655721490545e-07,0.25859493298663033,2.5919344569662843e-08,-0.0002059087985072372,-0.014667351730167866,-0.014674836877310561,4.3453473471238555e-07,-0.014674393064342438,4.3453473471238455e-07,4.438129680453231e-07,4.760028792471347e-09,-7.485147142695381e-06,9.613978284304261,9.613321232410405,0.13375870121060215,0.13374938583507037,0.023582328111661326
38,390,0.39,10.0,0.13369999999999999,0.026000000000000002,True,1.4958333333333333,240,180,0.0008205976337194443,0.008975235745310783,0.00022746672038920224,0.0002252832055091858,0.17693865299224854,0.03977471590042114,0.9858915209770203,0.9858915209770203,0.0004614591598510742,3.7719228267669678,3.770380755265569,6.4515507694929366e-06,5.704523100455602,6.451550769492929e-06,1.9341423451900481,1.7921307306905577e-07,-0.001542071501398734,-0.6403939723968506,-0.6386118114822461,2.3768469955229012e-05,-0.968043876439333,2.3768469955229097e-05,-0.3294320649570889,1.207048240072823e-07,0.0017821609146044803,-0.0017657279968261719,-0.0023518884263466987,3.4478983017290355e-05,-0.0026089790034651136,3.447898301729037e-05,-0.0002570905771184092,5.6289278771666865e-08,-0.0005861604295205269,0.08564120531082153,0.08540283470518083,3.166077045289635e-06,0.12944774907082318,3.166077045289634e-06,0.044044914365642604,1.6339689859481343e-08,-0.0002383706056407059,0.5044705867767334,0.5042631274296168,2.6816674566870043e-07,0.7628580215076606,2.681667456687001e-07,0.25859489407804276,2.834988562667999e-08,-0.00020745934711663416,-0.01580040529370308,-0.015782982055285756,7.525065875816928e-07,-0.015782539065306387,7.525065875816955e-07,4.4298997939525485e-07,4.741822052421263e-09,1.7423238417323128e-05,9.613290453539165,9.612494065967956,0.13374329017709477,0.13373199989357712,0.024714516348598
39,400,0.4,10.0,0.13369999999999999,0.026000000000000002,True,1.4958333333333333,240,180,0.0008187275379896164,0.008991404436528683,0.00021746224956586957,0.00021522492170333862,0.16312937438488007,0.03978477418422699,0.9858941435813904,0.9858941435813904,0.0004703998565673828,3.8686490058898926,3.8670696583059234,6.629643416212763e-07,5.801212133963903,6.629643416212763e-07,1.9341424756579928,1.6323877079390655e-07,-0.0015793475839691595,-0.656755805015564,-0.654928897404009,3.6225318565423445e-07,-0.9843609708050887,3.622531856542338e-07,-0.3294320734010802,1.1952094171456245e-07,0.0018269076115550176,-0.0018458366394042969,-0.002447290492677386,1.2623048356348985e-07,-0.0027043766157779222,1.2623048356348964e-07,-0.0002570861231005337,5.9340425968570086e-08,-0.000601453853273089,0.08782907575368881,0.08758461278759806,4.2333070642067586e-08,0.13162952313820522,4.233307064206774e-08,0.0440449103506075,1.707686107405032e-08,-0.0002444629660907499,0.517406702041626,0.5171940258807619,1.0065622407940658e-07,0.7757889355222384,1.0065622407940658e-07,0.2585949096414778,2.2560578730222188e-08,-0.00021267616086406704,-0.01624296046793461,-0.01622497263738776,1.7611559992451872e-08,-0.016224528810319803,1.7611559992451852e-08,4.4382706789747315e-07,4.895117074880497e-09,1.7987830546847133e-05,9.612430748584375,9.611608805764801,0.13374313668488017,0.13373148311941005,0.024773639858769264
40,410,0.41000000000000003,10.0,0.13369999999999999,0.026000000000000002,True,1.4958333333333333,240,180,0.0008212585235014558,0.009883349761366844,0.00020734628196805716,0.00020518898963928223,0.17693865299224854,0.039794810116291046,0.9858965277671814,0.9858965277671814,0.0004775524139404297,3.965374708175659,3.963756315575726,0.0007052072511451568,5.8978988289833065,0.0007052072511451575,1.9341425134076013,1.4682185840989942e-07,-0.0016183925999331272,-0.6731142997741699,-0.6712421958645177,0.00012572597653211608,-1.0006742840011915,0.0001257259765321163,-0.32943208813667296,1.0034275475386801e-07,0.0018721039096522007,-0.0019207000732421875,-0.0025366645322517623,0.0007371830914136384,-0.002793756362128382,0.0007371830914136386,-0.00025709182987662237,5.951601325826751e-08,-0.0006159644590095748,0.09001585841178894,0.08976561787227749,1.5083946722321045e-05,0.13381053085128466,1.5083946722321034e-05,0.04404491297900677,1.316588574226119e-08,-0.0002502405395114482,0.5303388237953186,0.5301213169263491,1.9192576883502816e-05,0.7887162330249945,1.919257688350283e-05,0.25859491609864765,2.0998074032387652e-08,-0.0002175068689694859,-0.016687283292412758,-0.016668771214193436,1.1211932188715166e-05,-0.016668326943181454,1.1211932188715162e-05,4.4427101199870675e-07,4.337723121455117e-09,1.8512078219321687e-05,9.611565104489573,9.610749690975837,0.13374215635891085,0.13373059444909452,0.024832722550651196
41,420,0.42,10.0,0.13369999999999999,0.026000000000000002,True,1.4958333333333333,240,180,0.0008092447533272207,0.009792436845600605,0.00019803011673502624,0.0001958310604095459,0.16785874962806702,0.03980416804552078,0.9858992695808411,0.9858992695808411,0.0004849433898925781,4.062102317810059,4.060445144441414,0.0010370362967008797,5.994587657848994,0.0010370362967008794,1.9341425134076013,1.4682185840989942e-07,-0.001657173368644571,-0.6894713640213013,-0.6875556493798882,0.00022561365950683426,-1.0169877375165621,0.00022561365950683404,-0.32943208813667296,1.0034275475386801e-07,0.0019157146414130466,-0.0019979476928710938,-0.002625568816114943,0.001836946051701093,-0.0028826606459915636,0.0018369460517010943,-0.00025709182987662237,5.951601325826751e-08,-0.0006276211232438492,0.09220300987362862,0.09194665507723848,2.8480033869844644e-05,0.13599156805624565,2.8480033869844654e-05,0.04404491297900677,1.316588574226119e-08,-0.0002563547963901347,0.5432746112346649,0.5430519791113028,2.461681180895877e-05,0.8016468952099483,2.461681180895874e-05,0.25859491609864765,2.0998074032387652e-08,-0.0002226321233621542,-0.017130711115896702,-0.01711200994815065,1.1780266009001538e-05,-0.017111565677138667,1.1780266009001533e-05,4.4427101199870675e-07,4.337723121455117e-09,1.87011677460526e-05,9.610737764283284,9.609876225444948,0.13374198143144947,0.13372976450730334,0.02488818172548521
42,430,0.43,10.0,0.13369999999999999,0.026000000000000002,True,1.4958333333333333,240,180,0.0008222233736887574,0.01000163983553648,0.00018870733038056642,0.00018650293350219727,0.16785874962806702,0.03981349617242813,0.9859015941619873,0.9859015941619873,0.000492095947265625,4.158829212188721,4.15713316268389,0.0006684538955624271,6.091275691986084,0.0006684538955624272,1.9341425293021732,1.7573379332795995e-07,-0.001696049504830377,-0.7058248519897461,-0.7038637283775542,1.0826291323775856e-05,-1.033295817176501,1.0826291323775856e-05,-0.3294320887989468,1.0401185141758832e-07,0.0019611236121919173,-0.0020761489868164062,-0.002716954628057362,0.0005708392799411523,-0.0029740273457719013,0.0005708392799411523,-0.00025707271771453733,6.184670861710915e-08,-0.0006408056412409557,0.09438946843147278,0.09412725861701676,3.2083006282583285e-06,0.13817217076818147,3.208300628258336e-06,0.044044912151164475,1.3080550641611189e-08,-0.0002622098144560159,0.5562090277671814,0.55598115250468,1.5463511583755638e-05,0.814576069265604,1.5463511583755617e-05,0.2585949167609215,2.2993247808849283e-08,-0.0002278752625013425,-0.017575718462467194,-0.017556419595594612,1.6795176353850947e-05,-0.01755597663577646,1.6795176353850944e-05,4.429598181193089e-07,4.427824269152421e-09,1.9298866872581588e-05,9.609878734649149,9.609025190259814,0.13374148259078922,0.13372937803455995,0.024942924159571563
43,440,0.44,10.0,0.13369999999999999,0.026000000000000002,True,1.4958333333333333,240,180,0.0007897689938545227,0.008674094453454018,0.00017842168745119125,0.00017596781253814697,0.15825873613357544,0.03982403129339218,0.9859042167663574,0.9859042167663574,0.0005017518997192383,4.255558013916016,4.253822758462698,3.841152768746693e-06,6.18796522418658,3.841152768746675e-06,1.9341424657238855,1.7791879575303086e-07,-0.0017352554533172082,-0.7221769094467163,-0.7201748180720562,3.16224949697681e-05,-1.0496068810423216,3.162249496976812e-05,-0.3294320629702674,9.385397564516242e-08,0.00200209137466012,-0.0021657943725585938,-0.0028272431993779305,2.708978563668368e-05,-0.0030843335630682607,2.7089785636683667e-05,-0.00025709036369031915,5.631445148426902e-08,-0.0006614488268193368,0.09657672792673111,0.09630874064233619,4.191709257838173e-06,0.14035365184148152,4.191709257838172e-06,0.044044911199145845,1.2415830518464675e-08,-0.0002679872843949216,0.569149911403656,0.5689169760379557,4.81010174546779e-07,0.827511885513862,4.81010174546779e-07,0.25859490947590935,2.4824166613543965e-08,-0.00023293536570034856,-0.018027709797024727,-0.01800787152750518,8.671506973992155e-07,-0.01800742873456329,8.671506973992156e-07,4.427929419471689e-07,4.473426935152646e-09,1.983826951954676e-05,9.609094676684869,9.608188622645764,0.13374252016169058,0.13372966983233248,0.025004861424776207
44,450,0.45,10.0,0.13369999999999999,0.026000000000000002,True,1.4958333333333333,240,180,0.0008098501130007207,0.009000290185213089,1.6881311239558272e-05,1.6383826732635498e-05,0.05595291033387184,0.03998361527919769,0.9859065413475037,0.9859065413475037,0.0005125999450683594,4.3522844314575195,4.350512997309362,9.401085958290487e-07,6.28465566833814,9.401085958290501e-07,1.934142671028773,2.0101161070584676e-07,-0.0017714341481571694,-0.738526463508606,-0.7364789007438577,3.888108961915509e-07,-1.0659110382199288,3.888108961915509e-07,-0.32943213747607336,9.816926441992254e-08,0.0020475627647482675,-0.002262592315673828,-0.0029436732774936678,1.394415877893114e-07,-0.0032007429593553147,1.394415877893114e-07,-0.0002570696818616448,5.797166675470161e-08,-0.0006810809618198396,0.09874395281076431,0.09847006901270863,5.299506717846312e-08,0.14251498480637867,5.299506717846323e-08,0.04404491579367055,1.2812669335539513e-08,-0.00027388379805567964,0.5819769501686096,0.5817386516266363,1.4024621994464693e-07,0.8403335844477018,1.4024621994464666e-07,0.2585949328210619,2.277945332680865e-08,-0.00023829854197332523,-0.01927298679947853,-0.01925271898685896,2.269455812878164e-08,-0.019252276925059656,2.2694558128781576e-08,4.4206179931431205e-07,3.746276244213528e-09,2.0267812619569753e-05,9.608254361933664,9.607309602862882,0.13371725403105816,0.1337038561637706,0.026141575770077526
45,460,0.46,10.0,0.13369999999999999,0.026000000000000002,True,1.4958333333333333,240,180,0.0008128941990435123,0.009198174811899662,2.6694822736317292e-05,2.6479363441467285e-05,0.03956468030810356,0.03997351974248886,0.9859092235565186,0.9859092235565186,0.0005165338516235352,4.449014186859131,4.447202671898721,1.5238746489072217e-05,6.3813452343146,1.5238746489072236e-05,1.9341425624158648,2.274544754444383e-07,-0.0018115149604094327,-0.7548696994781494,-0.7527762495809118,3.7125484420862284e-05,-1.0822083483139673,3.712548442086236e-05,-0.3294320987330543,1.1396694870297929e-07,0.002093449897237587,-0.002330780029296875,-0.003017184482693375,6.728632693316467e-05,-0.00327425832025862,6.728632693316466e-05,-0.00025707383756525817,5.593295520220955e-08,-0.0006864044533964999,0.10092857480049133,0.100648484855063,4.918972243267038e-06,0.14469339698553085,4.918972243267037e-06,0.04404491213046842,1.28748940268221e-08,-0.0002800899454283301,0.5949088335037231,0.5946652892563083,3.466778460912576e-07,0.8532602076729139,3.46677846091257e-07,0.25859491841660603,2.7732029837946695e-08,-0.0002435442474147953,-0.019744327291846275,-0.019723317647308718,1.1731539110813463e-06,-0.019722875293033817,1.1731539110813438e-06,4.4235427480998625e-07,4.25535467489899e-09,2.100964453755766e-05,9.607367440261793,9.606405011513566,0.1337167053379237,0.1337030557368094,0.026200770359438345
46,470,0.47000000000000003,10.0,0.13369999999999999,0.026000000000000002,True,1.4958333333333333,240,180,0.0008159669232554734,0.0092892711982131,3.951078906538896e-05,3.943592309951782e-05,0.03956468030810356,0.03996056318283081,0.9859117269515991,0.9859117269515991,0.0005260705947875977,4.545743942260742,4.543894328673661,1.96771767872415e-06,6.478036632140477,1.9677176787241604e-06,1.9341423034667968,1.8587801568608358e-07,-0.0018496135870815777,-0.7712118625640869,-0.7690734403000951,3.5703364940786656e-05,-1.098505480090777,3.5703364940786744e-05,-0.3294320397906833,1.0280265535688656e-07,0.002138422263991857,-0.0024251937866210938,-0.003128611391164479,1.9060329876902338e-05,-0.003385699391947128,1.906032987690234e-05,-0.00025708800078266196,5.8552210068487684e-08,-0.0007034176045433854,0.10311280190944672,0.10282667964282975,4.729179497111815e-06,0.14687158670276404,4.729179497111807e-06,0.044044907059934406,1.2535974488453954e-08,-0.0002861222666169644,0.6078400611877441,0.6075912467307554,2.588529005599732e-07,0.8661861295501391,2.588529005599743e-07,0.25859488281938764,2.742466686529124e-08,-0.00024881445698876625,-0.020230693742632866,-0.020209868855544384,9.130731834286191e-07,-0.02020942644837002,9.130731834286216e-07,4.424071744008668e-07,4.150896193230536e-09,2.082488708848168e-05,9.606512209114754,9.605529193713515,0.13371597197950422,0.13370202929216543,0.026278204130490354
47,480,0.48,10.0,0.13369999999999999,0.026000000000000002,True,1.4958333333333333,240,180,0.0010852932464331388,0.011146649718284607,0.0008523777360096574,0.0008483678102493286,0.06852804124355316,0.039151631295681,0.9859136939048767,0.9859136939048767,0.000542759895324707,4.642470836639404,4.640586096710615,6.888319812307287e-06,6.574728626012802,6.888319812307287e-06,1.9341425293021732,1.7573379332795995e-07,-0.0018847399287889033,-0.7875621318817139,-0.7853611735834024,1.3204295146218925e-05,-1.1147932623823484,1.320429514621893e-05,-0.3294320887989468,1.0401185141758832e-07,0.0022009582983114617,-0.00255584716796875,-0.0032914409349258486,4.626470045903554e-05,-0.003548513652640395,4.6264700459035524e-05,-0.00025707271771453733,6.184670861710915e-08,-0.0007355937669570986,0.10522984713315964,0.10493561882111736,1.6886356869899122e-06,0.1489805309722821,1.6886356869899108e-06,0.044044912151164475,1.3080550641611189e-08,-0.0002942283120422745,0.6203814148902893,0.6201382425924115,7.29871399324291e-07,0.8787331593533357,7.298713993242893e-07,0.2585949167609215,2.2993247808849283e-08,-0.00024317229787784722,-0.024415256455540657,-0.02444244775252085,7.35995907318735e-07,-0.024442004792702695,7.359959073187352e-07,4.429598181193089e-07,4.427824269152421e-09,-2.7191296980193236e-05,9.605578870716844,9.604229339904666,0.1336336035295162,0.13361447236094312,0.03112255682439228
48,490,0.49,10.0,0.13369999999999999,0.026000000000000002,True,1.4958333333333333,240,180,0.0008290266268886626,0.00953026581555605,7.845002983231097e-05,7.844716310501099e-05,0.03956468030810356,0.03992155194282532,0.9859171509742737,0.9859171509742737,0.0005443096160888672,4.739205360412598,4.737283005979313,4.514725318971177e-05,6.671425535281499,4.514725318971176e-05,1.9341425293021732,1.7573379332795995e-07,-0.001922354433284923,-0.8038744926452637,-0.8016415495011552,4.4214068158715e-05,-1.131073638300101,4.4214068158715075e-05,-0.3294320887989468,1.0401185141758832e-07,0.00223294314410849,-0.00261688232421875,-0.0033529367456341893,3.910294787748338e-05,-0.0036100094633487365,3.910294787748337e-05,-0.00025707271771453733,6.184670861710915e-08,-0.0007360544214154393,0.10747727006673813,0.10717874264551508,5.907635647568942e-06,0.15122365479667982,5.907635647568944e-06,0.044044912151164475,1.3080550641611189e-08,-0.0002985274212230493,0.6336966156959534,0.6334388121962519,6.704863722521956e-06,0.8920337289571763,6.704863722521941e-06,0.2585949167609215,2.2993247808849283e-08,-0.0002578034997015033,-0.02127249352633953,-0.021250904715759463,1.0536947350399503e-06,-0.02125046175594131,1.05369473503995e-06,4.429598181193089e-07,4.427824269152421e-09,2.1588810580067813e-05,9.604586890842349,9.603569038763291,0.13371352553705085,0.13369908622152904,0.026509235616571345
49,500,0.5,10.0,0.13369999999999999,0.026000000000000002,True,1.4958333333333333,240,180,0.0011067289160564542,0.011240082792937756,7.880746125010774e-05,7.880479097366333e-05,0.05595291033387184,0.039921194314956665,0.985919713973999,0.985919713973999,0.0005613565444946289,4.835936546325684,4.833981474902884,4.2078747198834506e-06,6.768124004205068,4.2078747198834506e-06,1.9341425293021732,1.7573379332795995e-07,-0.0019550714227998256,-0.8202033042907715,-0.8179003331396326,6.643051669937935e-05,-1.1473324219385783,6.643051669937918e-05,-0.3294320887989468,1.0401185141758832e-07,0.002302971151138866,-0.002753734588623047,-0.0035220564278359927,2.997083674994618e-05,-0.0037791291455505417,2.9970836749946173e-05,-0.00025707271771453733,6.184670861710915e-08,-0.0007683218392129459,0.10966045409440994,0.10935255260103253,8.783903785179183e-06,0.15339746475219726,8.783903785179202e-06,0.044044912151164475,1.3080550641611189e-08,-0.0003079014933774077,0.6466332674026489,0.6463711430629066,9.405942912434173e-07,0.9049660598238309,9.405942912434204e-07,0.2585949167609215,2.2993247808849283e-08,-0.0002621243397423756,-0.02170652151107788,-0.021683700017460096,1.6306220988790987e-06,-0.021683257057641944,1.6306220988790974e-06,4.429598181193089e-07,4.427824269152421e-09,2.2821493617784794e-05,9.603382746882797,9.602331670603272,0.13371402981553468,0.1336991173255382,0.026511420938323836
