paper_id,title,authors,year,venue,relevance_class,relevance_reason,task,method_category,algorithm,robot,action,low_level_controller,vision_used,object_position_condition,object_orientation_condition,object_pose_source,object_shape_condition,object_shape_source,object_physical_parameters,tactile_used,tactile_sensor,tactile_raw,tactile_preprocessing,tactile_representation,tactile_retained_information,tactile_removed_information,ft_used,ft_source,ft_representation,ft_role,proprioception_used,history_used,previous_action_used,state_estimator,other_observation,missing_object_information,supplementary_information,supplementary_information_role,actor_privileged_gt,critic_privileged_gt,reward_gt,termination_gt,curriculum_gt,ft_contact_localization,ft_required_assumptions,ft_reported_ambiguity,tactile_added_to_ft_reason,evidence_type,evidence_summary,evidence_location,author_limitation,author_future_work,analysis_note_path
B066,Beyond Binary: Sim-to-Real Dexterous Manipulation with Physics-Grounded Contact Representation,Jiahe Pan; Stelian Coros; Jitendra Malik; Toru Lin,2026,arXiv preprint,Relevant,"Binary tactile가 힘 크기와 접촉 위치를 버리는 문제를 직접 비교하고, 3D force와 3D contact position을 보존하는 CoP 표현이 blind manipulation을 어떻게 개선하는지 실험한다. Actor의 proprioception·previous action·recurrent history와 critic/reward의 simulator GT를 분리할 수 있어 본 Review 질문에 직접적인 근거를 제공한다.",Blind peg-in-hole insertion; blind ball balancing,Reinforcement Learning; Sim-to-real,Asymmetric recurrent PPO,16-DOF Allegro hand with XELA uSkin,16D target joint-position increments,EMA-smoothed joint targets tracked by PD,No at runtime; used only for sensor-delay measurement/analysis,미제공,미제공,Actor none; simulator GT for critic/reward only,미제공,No runtime shape input; diverse fixed training/evaluation assets,Actor No; mass/friction domain-randomized and critic/probe metadata,Yes,XELA uSkin 3-axis taxel arrays on fingertips/phalanges/palm,Distributed 3-axis taxel forces,Taxel calibration; stress-distribution mapping; threshold; sim-real alignment; noise/delay,Per-array CoP: 3D force + 3D contact position; normal force only in experiments,Contact presence; resultant force; local contact location; temporal change through GRU,Distributed patch and sensor detail; experimental shear; global object state,No wrist F/T; tactile-derived contact force only,XELA tactile taxels,3D CoP force; magnitude/vector baselines; normal-only deployment,Policy observation; contact/load feedback,Yes; current and commanded joint angles,Yes; GRU hidden state,Yes,Implicit recurrent policy state; no explicit object estimator,Contact representation; current/commanded joints,Current object pose; shape; mass/friction,Tactile CoP; proprioception; previous action; recurrent state,Infer contact transitions and hidden object dynamics,No,Yes; object/plate/ball states and goal terms,Yes; simulator object/contact/task state,Yes; goal/fall conditions,Not stated; domain randomization used,"Tactile CoP provides local sensor-frame contact location, not wrist-wrench localization",Calibrated taxel geometry; stress distribution; resultant single-force/centroid approximation,CoP discards distributed detail; shear removed; sim-real contact mismatch,Not an F/T+tactile system; CoP jointly retains local force and spatial contact location,Representation ablation; Controlled comparison,CoP beats binary/raw taxel on insertion; vec/pos split shows complementary role; task-dependent benefit on balancing,Tables 1–2 pp.6–7; Fig.12 p.15,CoP abstraction; no shear; simulator contact mismatch; fixed-base/XELA scope (§6 p.8),"Arm-hand, full-hand/other sensors, imitation and real-world RL (§6 p.8)",papers/2026-pan-beyond-binary-cop-tactile.md
B067,Identifying External Contacts from Joint Torque Measurements on Serial Robotic Arms and Its Limitations,Tao Pang; Jack Umenberger; Russ Tedrake,2021,2021 IEEE International Conference on Robotics and Automation (ICRA),Partially Relevant,Manipulation policy가 아니라 joint-torque-only contact localization의 성립 가정과 근본 ambiguity를 정량 분석한다. 본 Review의 두 번째 핵심 질문인 F/T 또는 wrench만으로 contact locality를 어디까지 복원할 수 있는지에 직접적인 제한 근거를 제공한다.,External contact detection/localization on serial robot arms,State Estimation + Optimization,Contact-force QP; rejection sampling; manifold gradient descent; MILP active discrimination,KUKA IIWA and UR5 geometry analysis,Optional small joint motion for active contact discrimination,Not specified; linearized joint displacement plan,No,미제공,미제공,"Not applicable; estimates robot-surface contact point, not object pose",기타,Known robot surface triangle mesh; no manipulated-object shape,Known/assumed friction cone; robot dynamics,No,No,Not applicable,Not applicable,Not applicable,Not applicable,Not applicable,Yes; joint-torque-derived external residual,Joint torque sensors and external torque observer,Residual joint torque vector; candidate contact force/residual,Contact detection and contact-location/force set estimation,Yes; joint angles and residual torques,Yes only across active discrimination observations; no recurrent model,Active discrimination motion known; otherwise No,RSGD contact candidate set; optional active falsification,"Known kinematics, surface mesh, normals, friction cone",Object pose/shape; unique contact locality,Known robot geometry/kinematics; contact constraints; active motion,Constrain candidate set and falsify torque-equivalent contacts,Not applicable,Not applicable,Not applicable,Not applicable,Not applicable,"Yes, but returns multiple possible robot-surface contacts",Single contact; negligible contact moment; known surface/kinematics/friction cone; static contact for active step,Multiple positions/forces can produce the same torque; undetectability near joint axes; noise/geometry/singularity dependence,No tactile fusion evaluated; paper argues more capable sensing may be required,Controlled comparison; Failure analysis; Runtime analysis,Geometry-dependent detectability and multiple minima quantified; RSGD around 10 Hz; active motion not always feasible,Figs.3–5 pp.3–4; §VI–VII pp.5–6,"Non-unique/undetectable contacts, single-contact assumptions, local minima and active-motion failure (§I/IV–VIII)",No formal section; deployment needs residual filtering/bias correction and possibly richer sensors (§VIII p.6),papers/2021-pang-external-contact-joint-torque-limitations.md
B069,Learning Force Control for Legged Manipulation,Tifanny Portela; Gabriel B. Margolis; Yandong Ji; Pulkit Agrawal,2024,2024 IEEE International Conference on Robotics and Automation (ICRA),Partially Relevant,"Blind sweeping과 task는 다르지만, end-effector F/T 없이 proprioception history와 privileged-state estimator로 external force를 추정하고 force-control policy를 구성한다. 실행 센서와 training-only force GT/critic state를 분리해 object/contact 정보 부족을 보완하는 사례로 유용하다.","Whole-body locomotion, EEF position and commanded force control",Reinforcement Learning; State Estimation,PPO with concurrent supervised privileged-state estimator,Unitree B1 quadruped + Unitree Z1 arm,17 joint-position targets,Joint PD,No,미제공,미제공,No object pose; estimated gripper pose is robot state,미제공,No,No object parameter input,No,No,Not applicable,Not applicable,Not applicable,Not applicable,Not applicable,No runtime F/T; learned force estimate,Estimated from joint encoders/body IMU/action history; dynamometer only for evaluation,3D external gripper force estimate and 3D command,"Force tracking, compliance and actor state estimate","Yes; projected gravity, feet clock, joint positions/velocities, actions",Yes; 30-step observations and commands,Yes; current and previous action in each observation,"Supervised MLP for body velocity, gripper position, external force",Force/EEF/base commands; mode bit,"Current object pose, geometry, physical parameters, contact locality",Proprioceptive/IMU/action history; force command; learned privileged-state estimate,Estimate external load and regulate compliance/force without F/T,No; uses estimator output,"Yes; true body velocity, gripper position, external force",Yes; simulator actual force/pose/contact state,Yes; collision/body height,Not stated,No,Sim-trained estimator transfers; known robot sensing; soft-contact training task,No locality; estimator overshoot/sim-real gap; policy may underuse estimated force,Not applicable; no tactile or F/T fusion,Controlled evaluation; Author demonstration only,5–10 N tracking error; force estimate overshoot; whole-body workspace +59%; payload compliance degrades at 6 kg,§V/Figs.3–5 pp.4–6,~5 cm/~5 N precision and unknown source; force estimate sim-real gap (§V–VI),Imitation from kinesthetic data; model-guided policies (§VI p.6),papers/2024-portela-learning-force-control-legged-manipulation.md
B071,CONTACT: CONtact-aware TACTile Learning for Robotic Disassembly,Yosuke Saka; Jyun-Chi Hu; Adeesh Desai; Zhiyuan Zhang; Bihao Zhang; Quan Khanh Luu; Md Rakibul Islam Prince; Minghui Zheng; Yu She,2026,arXiv preprint,Relevant,"Vision-only, Vision+raw tactile RGB, Vision+structured tactile force field를 동일 diffusion-policy 조건에서 직접 비교한다. Tactile이 vision의 접촉 ambiguity를 어떤 spatial force 정보로 보완하는지와 naive sensor fusion이 항상 유리하지 않다는 근거를 rigid/deformable disassembly에서 제공한다.",Rigid and deformable robotic disassembly,Imitation Learning; Diffusion Policy,Multimodal Diffusion Policy with DDIM,Franka Emika Panda with GelSight R1.5,5D relative translation/yaw/gripper action chunks,Not stated,Yes; front and wrist RGB,기타,기타,Implicit in front/wrist RGB; no numeric pose vector,기타,Implicit visual/tactile appearance; no CAD/mesh/category input,No,Yes,GelSight R1.5 on right finger; TacSL simulation,240×160 tactile RGB deformation image,Optical flow + depth reconstruction for TacFF; normalize; ResNet-18,TacRGB or 10×14×3 TacFF normal/shear grid; two-step history,Local deformation or distributed normal/shear spatial pattern and transition,TacFF removes raw optical detail; no whole-object state/wrist wrench/long history,No wrist F/T; tactile force field used,GelSight optical tactile force reconstruction,10×14 grid of shear-x/shear-y/normal,"Contact-state, grasp-quality and directional resistance observation",Yes; EEF 3D position + quaternion,Yes; two observation steps,No,No explicit state estimator,Front RGB; wrist RGB; EEF pose,"Numeric current pose, explicit geometry/material parameters, occluded contact state",Vision; local tactile deformation/force; EEF pose; short history,Global/local geometry plus contact transition and force redistribution,Not applicable; imitation policy,Not applicable,Not applicable,Not applicable; task success used for evaluation,Not applicable,TacFF gives local spatial force cells; no wrist-wrench contact localization,Optical tactile reconstruction and right-finger contact coverage,Naive heterogeneous fusion dilutes task-relevant cues,Not F/T+tactile; tactile adds local contact pattern to vision,Sensor combination ablation; Representation ablation,TacFF best across tasks; largest gains under contact/deformation; dim-light and naive-fusion tests show task dependence,Tables I–V pp.6–7,No formal list; naive TacRGB+TacFF fusion degrades performance (§III-D.2 p.7),Structured multimodal fusion with attention/dedicated encoders (§III-D.2 p.7),papers/2026-saka-contact-tactile-disassembly.md
B072,A Contact-Driven Framework for Manipulating in the Blind,Muhammad Suhail Saleem; Lai Yuan; Maxim Likhachev,2025,arXiv preprint,Relevant,"Vision 없이 joint-torque contact sensing, contact history, learned structural priors와 planning을 결합해 unknown clutter에서 조작한다. Joint-torque localization의 ambiguity와 추가 geometry/kinematic assumptions, sparse contact를 occupancy/history로 보완하는 구조를 직접 분석할 수 있다.",Blind valve reaching/manipulation and cluttered-shelf object retrieval,State Estimation + Planning; Hybrid learned occupancy,Momentum observer; contact particle filter; CNN/diffusion completion; CHS/CMAX Weighted A*,UR10e,Joint-space unit motion primitives with retract/replan on contact,Not stated,No,미제공,미제공,No object pose; contact locations and voxel occupancy estimated online,기타,Partial occupancy from contact history + domain structural predictor,No,No,No tactile skin,Not applicable,Not applicable,Not applicable,Not applicable,Not applicable,Yes; joint-torque-derived residual,UR10e joint currents/torques + momentum observer,Residual joint torques; reliable binary contact; CPF particle likelihood/contact force,Whole-arm contact detection/localization and map/replan update,"Yes; joint positions, velocities, torques/currents",Yes; collision/free sweeps and temporal torque window,Yes; executed edge/swept volume,Momentum observer + CPF + link MLP + CNN/diffusion occupancy predictor,Start/goal configurations; known robot geometry; probabilistic voxel occupancy,Obstacle/object pose and geometry; exact contact locality,Contact/free-space history; known robot geometry; learned structural prior; binary-contact fallback,Build/predict occupancy and remain robust to noisy locality,Not applicable,Not applicable,Not applicable,Not applicable,Not applicable,"Yes; noisy robot-surface CPF estimate, 73% within 4 cm",Known robot dynamics/surface/friction; point-contact model; static scene; reliable binary detection,"Multiple contact/force pairs, noise/model error; prediction/localization false positives","No tactile; history, kinematic constraints and learned occupancy add spatial context",Input/module ablation; Controlled comparison,CNN halves task time; CPF refinements +20 points; real CHS+CNN 2–3× faster,Tables I–II p.7; §V-B p.8,"Noisy ambiguous locality, domain prior, slow diffusion, reliable-binary/static assumptions (§II–V)",Text-conditioned occupancy priors with CLIP/FiLM (§VI p.8),papers/2025-saleem-contact-driven-manipulating-blind.md
B073,The Power of the Senses: Generalizable Manipulation from Vision and Touch through Masked Multimodal Learning,Carmelo Sferrazza; Younggyo Seo; Hao Liu; Youngwoon Lee; Pieter Abbeel,2024,2024 IEEE/RSJ International Conference on Intelligent Robots and Systems (IROS),Relevant,High-resolution tactile force maps와 vision을 joint masked-autoencoder representation으로 결합하고 modality/representation/history ablation을 수행한다. Object pose vector 없이 visual/tactile pixels로 조작하는 구조와 tactile이 vision의 occlusion/generalization 부족을 보완하는 근거를 제공한다.,Peg insertion; door opening; in-hand cube rotation,Reinforcement Learning; Self-supervised Representation Learning,PPO + multimodal masked autoencoder (M3L),Robotiq 2F-85 / Franka / Shadow Hand in MuJoCo,"Task-dependent 3D position, delta EEF pose, or 20D hand action",Not stated,Yes; 64×64 RGB,기타,기타,Implicit in RGB/tactile latent; no numeric current pose,기타,Implicit visual/tactile representation; randomized shapes,No actor input; test mass/friction/damping varied,Yes,MuJoCo touch-grid simulated high-resolution tactile sensors,Spatial 3D force maps (2 shear + pressure),Early CNN; 4-frame channel stack; modality/position embeddings; masking and MAE,Shared ViT multimodal latent,Spatial pressure/shear pattern; temporal contact memory; cross-modal relation,No explicit contact force/location/object state; latent compression; no real sensor validation,No wrist F/T; simulated tactile force maps,MuJoCo touch-grid contacts,32×32×3 force maps; 4-frame latent,Policy observation and representation learning,Not stated in provided PDF observation description,Yes; 4 frames,Not stated,No explicit state estimator; implicit multimodal encoder,RGB scene/goal image,"Numeric current pose, shape/physical parameters, vision under occlusion",Tactile pressure/shear; vision; 4-frame history; learned cross-modal latent,"Local contact feedback, global scene context and transient-contact memory",No,No privileged state stated,Yes; simulator object/door task state,Yes; simulator success/failure state,Not stated,"Local force-map cells encode spatial contact, but no explicit contact estimator",Simulator touch-grid/real-force-map abstraction and contact coverage,Tactile sparse outside contact; latent not interpretable; simulation-only,Not F/T+tactile; touch complements vision with local pressure/shear under occlusion,Representation ablation; Sensor ablation; Controlled comparison,M3L improves generalization/sample efficiency; training-only touch benefits vision; 4-frame history beats 1 frame,Figs.5–7 pp.5–6,PPO complexity/exploration; always-on sparse tactile; paired-data scarcity; simulation only (§VII),"Other RL, tactile gating, mixed-scale pretraining and real transfer (§VII)",papers/2024-sferrazza-m3l-vision-touch.md
B074,Proactive Action Visual Residual Reinforcement Learning for Contact-Rich Tasks Using a Torque-Controlled Robot,Yunlei Shi; Zhaopeng Chen; Hongxu Liu; Sebastian Riedel; Chunhui Gao; Qian Feng; Jun Deng; Jianwei Zhang,2021,2021 IEEE International Conference on Robotics and Automation (ICRA),Relevant,"Eye-in-hand vision과 joint-torque-derived 6D force/moment를 역할 분담해 RAM insertion을 수행하고, force를 ternary contact state로 축약한다. Vision/force/active probing ablation이 있어 reduced contact information을 pose tracking과 investigative action이 어떻게 보완하는지 직접 분석할 수 있다.",RAM insertion under target pose/contact uncertainty,Reinforcement Learning; Residual RL; Visual servoing,Tabular Q-learning + PBVS/P-controller + proactive probing,Franka Emika Panda with Intel RealSense D435i,Discrete Cartesian position residual + visual action; 25 N investigative force,Trajectory generator + 1000 Hz Cartesian impedance controller,Yes; eye-in-hand RGB-D PBVS,Tracking,Tracking,Relative current-to-target RGB-D feature registration/ICP,기타,Implicit teach/current image features; no CAD/mesh,No,No,No tactile sensor,Not applicable,Not applicable,Not applicable,Not applicable,Not applicable,Yes; joint-torque estimated wrench,Franka joint torque/proprioceptive controller,"Estimated Fx,Fy,Fz,Mx,My,Mz thresholded to -1/0/+1",Contact/stuck state for Q policy and proactive disambiguation,Yes; joint torque and EEF pose,No explicit history/recurrent state,Current action transition only; not observation feature,RGB-D ICP relative pose; thresholded wrench state,Target/current image features; goal pose error,Object physical parameters; precise contact state/locality under threshold ambiguity,Continuous visual pose tracking; estimated wrench sign; proactive force probe,"Global alignment, local contact recovery and active disambiguation",No,Not applicable,No simulator GT; visual/task outcome,No simulator GT; real success/failure/steps,No,"No; wrench threshold gives contact sign/state, not location",Known robot dynamics; contact wrench observable at joints; fixed thresholds; probe safe/effective,Noise/model error and low moment; ternary representation loses magnitude/locality,No tactile; vision supplies relative pose and proactive action supplies observability,Sensor/component ablation; Controlled comparison; Failure analysis,"Full 89.5% vs no vision 46%, no RL 56%, no probing 33%; moved motherboard full 100%",Tables I–II p.6; Fig.5 p.4,"Manual parameters, limited generalization, discrete actions/error and POMDP state (§VII/§III)","End-to-end, new parts/robots, continuous actions (§VII p.6)",papers/2021-shi-proactive-visual-residual-rl.md
B075,Learning Non-Prehensile Manipulation With Force and Vision Feedback Using Optimization-Based Demonstrations,Yuki Shirai; Kei Ota; Devesh K. Jha; Diego Romeres,2026,"IEEE Robotics and Automation Letters 11(3), 2905–2912",Relevant,"Runtime current object GT 없이 wrist F/T, object segmentation, proprioception history로 object pose/size/mass/friction/contact state를 추정해 non-prehensile manipulation policy를 실행한다. Training privileged information, force/vision 역할, F/T-only 성립 가정과 sim-to-real 한계를 모두 직접 분석할 수 있다.",Planar non-prehensile pivoting and pushing,Reinforcement Learning; Optimization demonstrations; State Estimation,CITO-guided SAC + CNN/TCN privileged-information estimator,One/two 6-DoF MELFA robots with wrist 6-axis F/T and D435 camera,2D relative EEF position command,Operational Space Control in simulation; stiffness controller on hardware,Yes; FastSAM object segmentation,Tracking,Tracking,Training GT; deployment CNN/TCN estimate from segmentation + force/proprioception history,기타,Estimated object size from segmentation/history; no full mesh/category,Training GT and deployment estimates of mass and object/environment friction,No,No tactile sensor,Not applicable,Not applicable,Not applicable,Not applicable,Not applicable,Yes,Wrist 6-axis F/T sensors; policy uses planar 2D forces,2D force; binary contact; 5-step history; force direction in reward,"Runtime policy observation, privileged-state estimation, dynamics reward",Yes; EEF position/robot state,Yes; 5 steps (0.5 s),Action smoothness reward uses previous action; estimator input not stated as action,CNN segmentation encoder + TCN privileged-state estimator,Segmentation mask; estimated object pose/properties/contact bits; goal pose,"Deployment GT pose, size, mass/friction and extrinsic contacts",Segmentation + wrist-force/EEF history + supervised estimator,Reconstruct privileged state and run unchanged base policy,Yes in training; estimator at deployment,Yes in training,Yes; object pose/contact/reference force,Yes; object goal state and step limit,Not stated; domain randomization used,No F/T-only localization; multimodal estimator predicts predefined extrinsic contact bits,Rigid quasi-static SE(2); known/predefined surfaces; camera+EEF+force; high friction; training coverage,Force-only weak under size uncertainty; sliding/slip and sim-real mismatch,No tactile; vision segmentation adds object geometry/pose context to global force history,Controlled comparison; Failure analysis; Estimator evaluation,Dynamics demos learn faster; RL tolerates -5 mm mismatch; estimator enables 5/5 unseen-object hardware trials,"Figs.3–6,8 and Tables I–III pp.5–7","Rigid/quasi-static SE(2), long-horizon estimator error, high-friction/slip and sliding sim-real gap (§VI)",Slip-aware/faster estimation-control; 3D/deformable/longer-horizon extension (§VI),papers/2026-shirai-non-prehensile-force-vision-demonstrations.md
B076,Sim-to-Real Model-Based and Model-Free Deep Reinforcement Learning for Tactile Pushing,Max Yang; Yijiong Lin; Alex Church; John Lloyd; Dandan Zhang; David A. W. Barton; Nathan F. Lepora,2023,"IEEE Robotics and Automation Letters, 8(9), 5480-5487",Relevant,"실행 중 외부 시각 없이 TacTip과 목표 정보만으로 미지 물체를 밀며, 원시 tactile image와 tactile-derived contact-surface pose를 직접 비교한다. current object center pose와 shape를 제공하지 않은 채 국소 접촉 자세와 목표 상대 관계로 폐루프 조작을 수행하므로, 축약 tactile 표현이 어떤 정보를 유지하고 무엇을 대신하는지에 직접 근거를 제공한다.",Goal-conditioned planar pushing of unknown objects,Reinforcement Learning; Model-based control,SAC; PETS probabilistic ensemble; CEM-MPC,Dobot MG400 with 331-pin TacTip,Δy and Δθ; fixed forward Δx=1 mm,Cartesian position control; receding-horizon MPC for model-based variant,No at execution; ArUco tracking for evaluation only,기타,기타,TacTip tactile image or PoseNet-derived local contact-surface pose; not object center pose,미제공,Not applicable,미제공; no mass/friction input,Yes,331-pin TacTip optical tactile sensor,Optical pin-motion tactile image; simulated depth rendering,Real-to-Sim pix2pix GAN or PoseNet CNN contact-pose estimation,"Translated tactile image; local contact-surface pose (x, y, angle)",Contact deformation pattern; or local contact location and surface orientation,"Pose representation removes detailed pin-level pattern; object center pose, full geometry and physical parameters unavailable",No,Not applicable,Not applicable,Not applicable,Yes,No,No,PoseNet tactile contact-pose estimator for pose variant,Goal-relative pusher/contact pose,Current object center pose; whole-object orientation; shape; physical parameters,Tactile contact pose/image; pusher pose; goal; online model-based replanning,Maintain and orient local contact while moving the contact point toward the goal,No,Not stated,Yes; simulator contact/goal pose,Yes during simulation; contact-goal distance,No,No,Not applicable,Not applicable,Not applicable,Representation ablation; Controlled comparison; Failure analysis,Tactile pose improves sample efficiency and unseen-contact robustness over image input; both are compared with model-based RL,"Table II, PDF p.5; Table III, PDF p.6; Fig. 7, PDF p.7",Fixed forward action limits nearby goal reachability and contact-surface exploration; autonomous no-vision resets unresolved,Remove action constraint; investigate real-world model-based learning and autonomous reset,papers/2023-yang-tactile-pushing.md
B078,Sim2Real Manipulation on Unknown Objects with Tactile-based Reinforcement Learning,Entong Su; Chengzhe Jia; Yuzhe Qin; Wenxuan Zhou; Annabella Macaluso; Binghao Huang; Xiaolong Wang,2024,"2024 IEEE International Conference on Robotics and Automation (ICRA), 9234-9241",Relevant,"두 DIGIT의 RGB, difference, binary tactile representation을 같은 pivoting 정책에서 직접 비교하며, tactile 제거·object-angle oracle·point-cloud vision까지 통제 비교한다. 실행 actor는 current object pose를 받지 않고 tactile, joint proprioception, target angle로 동작하므로 reduced tactile이 어떤 정보를 남기며 object state 부족을 어떻게 보완하는지에 직접 답한다.",In-hand pivoting to a target relative angle,Reinforcement Learning; Sim-to-real,PPO,Robot arm with parallel gripper and two DIGIT sensors,EEF translation in x-z plane and rotation about y axis,Not stated,No for proposed actor; point cloud is a baseline only,미제공,미제공,No current object pose; target angle only,미제공,Implicit tactile pattern and diverse-object training,미제공; randomized in simulation but not actor input,Yes,Two DIGIT vision-based tactile sensors,Two RGB tactile images,"RGB; force-free image difference to grayscale; sensor-specific threshold to Binary; flip, scaling and optional augmentation","Two 64x64 RGB, Diff or Binary tactile images encoded by shared CNN","Binary retains contact presence, location and spatial pattern",Binary removes color and continuous deformation/intensity; threshold may miss weak contact,No,Not applicable,Not applicable,Not applicable,Yes,No,No,No in proposed method; angle estimators are baselines,Target relative angle,"Current object position, orientation, geometry and physical parameters",Binary/Diff/RGB tactile pattern; joint proprioception; target angle; diverse-object prior,End-to-end contact-state feedback without explicit pose estimation,No,No; same feature as actor,"Yes; simulator contact, object position and angle",Not stated,No,No,Not applicable,Not applicable,Not applicable,Sensor ablation; Representation ablation; Controlled comparison; Failure analysis,Binary tactile outperforms RGB/Diff and no-tactile baselines in real pivoting; multi-category training improves generalization,"Table I, PDF p.5; Table II, PDF p.5; Sec. V-B-C, PDF p.6",Threshold can discard contact; unstable grip and unusual/incomplete contacts cause failures,Further integrate tactile feedback to refine manipulation strategy,papers/2024-su-sim2real-unknown-objects-tactile-rl.md
B079,Going In Blind: Object Motion Classification using Distributed Tactile Sensing for Safe Reaching in Clutter,Rachel Thomasson; Etienne Roberge; Mark R. Cutkosky; Jean-Philippe Roberge,2022,"2022 IEEE/RSJ International Conference on Intelligent Robots and Systems (IROS), 1440-1446",Partially Relevant,"완전한 reactive manipulation policy를 구현하지는 않지만, object identity·pose·mobility를 모르는 clutter reaching에서 distributed tactile history로 immovable/sliding/tipping 접촉을 구분한다. wrist F/T는 분류 입력이 아니라 과부하 정지에만 쓰여 tactile의 spatial-temporal 정보와 global force safety의 실제 역할 분리를 보여준다.",Incidental-contact object-motion classification for safe reaching in clutter,Rule-based perception; Tactile state estimation,Thresholded tactile cues with RANSAC and piecewise linear fitting,UR16e with Allegro Hand and distributed capacitive skin,Predefined planar Cartesian reaching trajectory; no reactive policy implemented,Cartesian motion with 30 N wrist-force safety stop,No,미제공,미제공,Not applicable; local tactile contact patch only,미제공,"Class-level assumptions only: convex, rigid, stable support",미제공; mobility inferred from tactile cues,Yes,Distributed fringe-field mutual-capacitance skin on Allegro Hand,10 Hz taxel capacitance/pressure signal; 4 taxels per cm2 on tested back-of-hand patch,Normalization; bicubic interpolation; threshold; moments; convex hull; RANSAC; piecewise linear fit,"Contact center, area, intensity and temporal/motion-relative slopes and means","Contact locality, patch size, pressure-related intensity, patch motion and temporal trend",Raw fine taxel pattern after aggregation; shear unavailable; no exact object pose/trajectory,Yes,Integrated UR16e wrist F/T sensor,Normal force threshold at 30 N,Safety stop only; not object-motion classification,Yes,Yes,"Yes; commanded motion progression, not a policy vector",Discrete immovable/sliding/tipping classifier,Robot tangential and normal motion progression,"Object identity, current pose, geometry parameters and mobility",Distributed tactile spatial-temporal cues; robot motion; wrist overload threshold,Classify contact-induced object motion and stop excessive force,Not applicable,Not applicable,Not applicable,Not applicable,Not applicable,No,Calibrated normal force and sensor-frame alignment; exact source model not discussed,Net force alone does not determine whether contact slides or tips; classification excludes F/T,Tactile adds local contact-patch position and motion; wrist F/T provides only global overload stop,Controlled comparison; Failure analysis,Tactile cues classify three motion categories at 98% on prototypes and 92% on diverse objects; assumption failures documented,"Fig. 9, PDF p.6; Sec. IV-C, PDF p.6","Quasi-static convex-rigid assumptions; sensor-orthogonal tip, deformation and concavity cause failures; reactive controller absent",Full-hand deployment; reactive trajectory modification; probing and shear-enhanced trajectory estimation,papers/2022-thomasson-going-in-blind.md
B080,Multi-Fingered Dragging of Unknown Objects and Orientations Using Distributed Tactile Information Through Vision-Transformer and LSTM,T. Ueno; S. Funabashi; H. Ito; A. Schmitz; S. Kulkarni; T. Ogata; S. Sugano,2024,"2024 IEEE/RSJ International Conference on Intelligent Robots and Systems (IROS), 7445-7452",Relevant,"current object pose·property label을 입력하지 않고 distributed 3-axis tactile, joint state, LSTM history로 unknown object의 orientation과 softness에 맞춰 dragging/grasping한다. ViT-only, LSTM-only, open-loop 비교가 있어 spatial tactile와 temporal memory가 누락된 object information을 보완하는 효과를 직접 평가한다.","Multi-fingered dragging, reorientation and grasping of unknown objects",Imitation Learning; Deep predictive learning,Vision Transformer + LSTM with one-step predictive MSE,Allegro Hand with 19 XELA uSkin patches,16 leader target joint angles,Joint-position PID,No at execution; human visual feedback during demonstration collection only,미제공,미제공,Implicit tactile-history latent only; no explicit pose,미제공,Implicit training prior and distributed tactile pattern,미제공; softness/friction inferred implicitly,Yes,19 distributed XELA uSkin 3-axis tactile patches,912 channels = 19 patches x 16 taxels x 3 axes at 20 Hz,4x4x3 patch crop; per-channel normalization to 0.1-0.9; patch-specific embedding,19 tactile tokens -> 20D ViT CLS feature -> 500D LSTM hidden state,"Spatial finger/contact pattern, 3-axis local loads, temporal contact progression and implicit orientation/softness",Raw 912D detail compressed to CLS; explicit pose/shape/property unavailable; one broken patch omitted,No,Not applicable,Not applicable,Not applicable,Yes,Yes,No explicit vector,Implicit LSTM latent; no explicit object-state estimator,Previous predicted tactile/joint mixed with current sensing,"Current object position, orientation, shape and softness label",Distributed tactile; joint angles; recurrent history,Infer initial contact/orientation/property and retain it across long manipulation,Not applicable,Not applicable,Not applicable,Not applicable,Not applicable,No,Not applicable,Not applicable,Not applicable,Representation ablation; Controlled comparison; Feature analysis,"ViT-LSTM strongly outperforms ViT-only, LSTM-only and open-loop execution","Tables II-IV, PDF p.7; Figs. 5-7, PDF pp.6-7",Restricted initial position range; hand kinematics cannot cover wide lateral offsets; broken tactile patch,Broaden initial pose range; haptic demonstration feedback; integrate vision/audio with touch,papers/2024-ueno-multifingered-dragging.md
B081,Learning Robotic Manipulation Skills Using an Adaptive Force-Impedance Action Space,Maximilian Ulmer; Elie Aljalbout; Sascha Schwarz; Sami Haddadin,2021,arXiv preprint,Relevant,tactile은 쓰지 않지만 estimated external wrench를 high-rate adaptive force/impedance controller와 저주파 policy observation으로 분리해 사용하는 contact-rich manipulation 연구다. Wrench가 contact locality 대신 force regulation·stability·safety를 담당하는 실제 구조와 그 한계를 분석하는 데 직접 관련된다.,"Contact-rich wiping; simulated door opening, lifting and wiping",Reinforcement Learning; Adaptive force-impedance control,Soft Actor-Critic high level; AFORCE adaptive controller,Real torque-controlled manipulator not named; simulated robosuite robot,Desired Cartesian pose; optional desired wrench,Cartesian Adaptive Force-Impedance Control at 500 Hz-1 kHz,Yes for real wipe-goal centroid; vision-based RL not evaluated,미명시,미명시,"Simulation RL observation not fully specified; real goal centroid is vision, not current object pose",미명시,Not stated,미제공; handled by online adaptation,No,Not applicable,Not applicable,Not applicable,Not applicable,Not applicable,Not applicable,Yes,Estimated external wrench; physical source not stated,Recent 6D wrench history for high level; high-rate instantaneous wrench for controller; desired wrench,Force regulation; impedance adaptation; contact stability; energy and safety penalty,Yes,Yes; recent wrench,No,"External wrench estimator, method not stated",EEF pose/velocity; visual wipe-spot centroid,Contact location/configuration and environment physical parameters; exact sim object observation not stated,Estimated wrench; proprioceptive tracking error; visual goal,Adapt stiffness/force and execute task without explicit contact locality,Not stated,Not stated,Yes; simulator task/contact states,Not stated,No,No,Known robot dynamics/Jacobian; reliable high-rate wrench estimate; defined desired wrench/profile,Contact locality and multi-contact decomposition are not addressed; net wrench is used only for regulation,Not applicable,Controlled comparison; Failure analysis,"AFORCE improves energy, sample efficiency and contact stability against fixed/variable impedance and force baselines","Fig. 2, PDF p.4; Fig. 3 and Table I, PDF pp.5-6",Manual adaptation-parameter tuning; purely reactive adaptation; residual safety penalties,Jointly learn adaptive parameters and high-level policy; proactive intervention; vision-based RL,papers/2021-ulmer-adaptive-force-impedance.md
B083,Reinforcement Learning with Parameterized Manipulation Primitives for Robotic Assembly,Nghia Vuong; Quang-Cuong Pham,2023,arXiv preprint,Relevant,"peg-hole relative pose와 6-axis F/T를 관측하거나 action feasibility/primitive termination에 사용해 contact-rich insertion을 수행한다. 특히 저자 스스로 force를 접촉 상태 분리에는 쓰지만 policy는 주로 kinematics에 의존하여 sim-to-real 실패가 생긴다고 분석하고 tactile 통합을 future work로 제시하므로, F/T가 제공하는 범위와 부족한 local contact state를 직접 보여준다.",High-precision peg-in-hole assembly,Reinforcement Learning; Hybrid motion-force control,PPO with parameterized discrete-continuous manipulation primitives,Franka Emika Panda with ATI Gamma IP60 flange F/T sensor,Manipulation primitive identity plus continuous parameters,Operational-space inverse-dynamics position control plus feedforward force control at 1000 Hz,"Initial hole pose estimate assumed; visual servoing is an example, no continuous vision stated",Tracking,Tracking,Initial estimated hole task frame plus robot kinematics; relative peg-hole pose,Initial,"Known peg/hole profile, insertion axis and task geometry",Task clearance/material known for setup but not separate actor inputs,No,Not applicable,Not applicable,Not applicable,Not applicable,Not applicable,Not applicable,Yes,ATI Gamma IP60 6-axis F/T on robot flange,6D external wrench; direction projections; thresholds; desired force/torque,Contact detection; action-family gating; primitive termination; overload protection; insertion force control,Yes,No,No,"External initial hole-pose estimator, implementation not stated",Peg pose relative to estimated hole/task frame,Exact contact location/configuration and robust contact-state semantics,"Relative pose, known geometry, primitive constraints, F/T thresholds",Use global contact wrench to trigger/control primitives while kinematics guides search,No; noisy estimated task frame,Not stated,No; reward uses noisy estimated hole frame,No; F/T/kinematic thresholds available at execution,No,No,Rigid grasp; known insertion axis/geometry; initial pose <1 mm/<1 degree error; zero free-space wrench; calibrated flange transform,Global wrench separates contact/free space but does not resolve contact state/locality; contact-model sim-real gap remains,Tactile is not used; authors propose it as future information for richer contact state,Controlled comparison; Failure analysis,Hybrid primitives beat discrete/continuous baselines; real failures expose kinematics/global-wrench limitations,"Figs. 4-6, PDF pp.6-7; Sec. V-C, PDF p.7",Restricted primitive motion; pose-centric policy and contact-model sim-real gap; low-level law limits performance,"Add free-motion primitive, direct force observation, tactile information and robust low-level controllers",papers/2023-vuong-parameterized-primitives-assembly.md
B085,Contact SLAM: An Active Tactile Exploration Policy Based on Physical Reasoning Utilized in Robotic Fine Blind Manipulation Tasks,Gaozhao Wang; Xing Liu; Zhenduo Ye; Zhengxiong Liu; Panfeng Huang,2026,arXiv preprint,Relevant,"continuous vision 없이 두 Tac3D의 distributed force·resultant force/torque·marker displacement와 known geometry를 결합해 grasped object와 environment의 relative pose/contact region을 추정하고 assembly/pushing한다. Net wrench가 가능한 범위를 정확한 geometry, quasi-static/single-rigid-grasp constraints, particle filtering이 어떻게 보완하는지 명시해 두 핵심 Review 질문에 직접 답한다.",Blind socket assembly and obstacle-aware block pushing,State Estimation + Controller; Active tactile exploration; Model-based planning,Factor-graph MAP; particle filtering; entropy/distance-variance planning; A*,Robot gripper with two Tac3D fingertip sensors,Discrete Cartesian exploration direction until tactile event; final A* trajectory,Not stated,No at execution,Tracking,Tracking,Robot FK plus Tac3D marker displacement and contact-constrained factor graph/particle filter,Initial,Exact known polygon contours and dimensions,Quasi-static/rigid/static assumptions; exact mass/friction not stated,Yes,Two Tac3D distributed 3D-force tactile sensors,3D force distribution; resultant 3D force/torque; marker-point displacement,Left/right force transform and differencing; SVD marker registration; contact-change detection,Relative rigid transform; resultant wrench/direction; contact event; factor-graph and particle likelihood,"Local deformation/relative displacement, spatial force distribution, global load direction and contact event history",Exact external contact patch/configuration not observed; reduced to candidate contact regions,Yes,Resultant force/torque derived from two fingertip Tac3D sensors; not wrist F/T,"Fx,Fy,Fz, torques, direction, thresholds and history",Contact detection/direction; contact-pair selection; localization; particle update; alignment and termination,Yes,Yes,Yes,Factor-graph MAP plus particle filter,Known contours; target region; gripper pose; traveled distance,Initial exact scene/obstacle pose and exact external contact configuration,Exact geometry; tactile marker transform; force direction; active exploration history,Resolve global-wrench/contact ambiguity and localize relative contact regions,Not applicable,Not applicable,Not applicable,Not applicable,Not applicable,"Yes, only candidate relative contact region with geometry and active exploration",Quasi-static contact; no object autonomous motion; rigid grasp/no translation; exact geometry; known transforms; opposing normals,Exact contact configuration not recovered; similar regions create multi-modal/non-convergent posterior,Marker displacement and distributed tactile force add grasped-object relative transform/spatial evidence beyond net resultant wrench,Controlled comparison; Algorithm ablation; Failure analysis,Active Contact SLAM reaches 80-84% socket success vs 10% spiral search; exploration improvements prevent localization failures,"Table I, PDF p.6; Figs. 5-6, PDF p.7; Figs. 8-9, PDF pp.8-9",Requires exact geometry and quasi-static constraints; similar regions may not converge; no dynamic constraints,Extend Contact SLAM to dynamic constraints in fine manipulation,papers/2026-wang-contact-slam.md
B086,MAT: Multi-Fingered Adaptive Tactile Grasping via Deep Reinforcement Learning,Bohan Wu; Iretiayo Akinola; Jacob Varley; Peter K. Allen,2019,Conference on Robot Learning (CoRL 2019),Relevant,"초기 vision grasp 이후 실행 vision 없이 binary tactile, tactile-cell 위치, finger proprioception과 20-step history로 grasp를 수정한다. Binary 변환이 연속 force magnitude를 제거한 뒤 어떤 spatial/temporal 정보를 남기며 current object pose 부재를 어떻게 보완하는지, 그리고 simulator reward·termination과 runtime observation을 어떻게 분리하는지 직접 분석할 수 있다.","Vision-initialized, tactile closed-loop multi-finger grasp adaptation and lift",Reinforcement Learning; Hybrid learned and rule-based control,SoftPPO,Staubli TX60 arm; Barrett BH-282 hand with 96 tactile cells,Finger-wise binary close; reopen/regrasp; wrist roll; rule-based XY translation; lift,Finger joint position commands and Cartesian wrist repositioning; exact gains Not stated,Initial grasp pose only; no vision during tactile policy execution,Initial,Initial,External vision initial grasp; no runtime current-pose tracking,미제공,No mesh/CAD/dimension/category in policy,미제공; randomized in simulation but not actor input,Yes,96 capacitive cells on Barrett fingers and palm,"Per-cell scalar force-like reading at about 246 Hz, range 0–20",50-sample running mean; threshold 0.8; forward kinematics; 20-step histories and differences,20×96 binary contact; cell Cartesian positions; temporal differences,Contact presence; local cell pattern/location; temporal persistence/change,Continuous force magnitude; shear; local deformation/pressure distribution; exact object pose,No,Not applicable; local capacitive tactile only,Not applicable; tactile scalar is thresholded to binary,Not applicable; no wrist/global wrench,Yes; 8 finger joint angles and differences,"Yes; 20-step tactile, cell-position, and joint histories",No / Not stated,No explicit object-state estimator,Active tactile-cell Cartesian positions in end-effector frame,Current object pose; shape; physical parameters; tactile force magnitude,Binary tactile locality; tactile-cell positions; finger proprioception; 20-step history; initial visual grasp,"Detect contact distribution/change and choose close, regrasp, or lift without current pose tracking",No,No privileged critic stated,Yes; simulator pickup/lift success,Yes; lift outcome/action horizon,Yes; closing-magnitude curriculum and randomized grasp conditions,No F/T; tactile cell identity/kinematics provides local contact location,Known hand kinematics/sensor placement; calibrated threshold; coarse initial grasp,Sparse binary touch does not uniquely determine object pose; force magnitude removed,Not applicable; F/T is not used,Controlled comparison; Action/component ablation; No magnitude-vs-binary evidence,"MAT improves simulated/real robustness; component ablations support regrasp actions, but no continuous-vs-binary tactile ablation","Tables 1–4, PDF pp.7–8,12–14",Sparse tactile gives limited pose; roll-only safety restriction; binary magnitude loss; small real sample (§Appendix A/C),Extend to dexterous tactile object manipulation (§V p.8),papers/2019-wu-mat-adaptive-tactile-grasping.md
B087,ViTacGen: Robotic Pushing With Vision-to-Touch Generation,Zhiyuan Wu; Yijiong Lin; Yongqiang Zhao; Xuyang Zhang; Zhuo Chen; Nathan F. Lepora; Shan Luo,2025,"IEEE Robotics and Automation Letters, Vol. 10, No. 11",Relevant,"실제 tactile sensor 없이 RGB sequence에서 contact-depth representation을 생성해 pushing policy에 넣고 visual-only, tactile-only, visual+tactile 조건을 비교한다. 생성 tactile이 contact geometry를 보완하지만 local force와 fine geometry를 포함하지 않는다고 저자가 명시하여, tactile representation의 retained/removed information과 modality evidence를 직접 제공한다.",Goal-conditioned planar robotic pushing along desired trajectories,Reinforcement Learning; Vision-to-touch generation; Sim-to-real,SAC control; supervised ViTac-Gen; MoCo feature alignment,UR5e with RealSense D435,Continuous pushing action; exact components Not stated,Not stated; simulation control at 500 Hz,Yes; current/recent RGB and physical deployment sensor,기타,기타,Implicit in RGB; no numeric current-pose observation; simulator GT for reward/success,기타,Implicit RGB and generated contact-depth geometry; no explicit mesh/CAD,미제공; randomized during simulation training,Yes (generated representation; no physical tactile at deployment),Tactile Gym 2 virtual optical tactile for training labels,Simulated optical contact-depth image from reference minus penetration depth,3-frame RGB encoder-decoder prediction; frozen generator; tactile feature encoder,Generated 2-D contact-depth image and latent feature,High-level contact geometry; penetration/contact pattern,Local force distribution; shear; physical properties; fine surface geometry; measured force,No,Not applicable,Not applicable,Not applicable,Yes; TCP coordinates,Yes; 3-frame RGB sequence for tactile generation,Not stated,"ViTac-Gen estimates tactile contact depth from vision, not object pose",Goal point/trajectory; visual feature,Numeric current object pose; explicit shape/physical parameters; real tactile force,RGB sequence; generated contact-depth; TCP coordinates; goal,Infer contact geometry and guide pushing without a real tactile sensor,No,Not stated,Yes; simulator object-center and TCP distances,Yes; object-center goal threshold,Yes; paired simulator tactile data/expert rollout/domain randomization,No F/T used,Not applicable; generated tactile assumes learned visual-to-contact mapping,Not applicable; generated tactile lacks force/shear/fine geometry,Not an F/T+tactile system; generated contact depth adds contact geometry to vision,Sensor combination ablation; Controlled comparison; Representation ablation,Visual+tactile outperforms single modalities; real visual-only deployment benefits from generated tactile; fusion/alignment ablations support design,"Tables II–VI, PDF pp.6–7","Generated contact depth lacks detailed physics, local force, shear, and fine geometry (§V p.8)",Predict physical properties and shear forces from visual motion (§V p.8),papers/2025-wu-vitacgen-vision-to-touch-pushing.md
B088,Robotized Unplugging of a Cylindrical Peg Press-Fitted into a Cylindrical Hole,Shuihao Xu; Duc Truong Pham; Shizhong Su,2024,Royal Society Open Science 11: 230872,Partially Relevant,"Manipulation policy나 contact-localization 연구는 아니지만, wrist 6-axis F/T로 press-fit disassembly의 axial force와 torque를 측정하고 direct pull과 twist-pull을 비교한다. F/T가 global load를 정량화할 수 있으나 contact locality를 추정하지 않으며, 해석이 known cylindrical geometry·material·friction·quasi-static model에 의존하는 사례로 본 Review의 F/T-only 성립 조건에 제한적 근거를 제공한다.",Robotized removal of a cylindrical press-fit peg by direct pull or twist-and-pull,Model-based mechanics; Finite-element analysis; Predefined robot control,Elastic contact theory; Abaqus static analysis; fixed trajectories,Techman TM14; Robotiq 2F-85; ATI Axia80-M20 wrist F/T,Axial pull; simultaneous axial pull and z-axis rotation,Programmed Cartesian motion; exact servo law Not stated,Yes; initial peg localization/alignment only,Initial,Initial,Machine vision initial localization and axial alignment; no runtime tracking,Initial,Known cylindrical peg/hole dimensions and interference fit,Known/assumed EVA/steel elastic properties and friction coefficients,No,No,Not applicable,Not applicable,Not applicable,Not applicable,Not applicable,Yes,ATI Axia80-M20 wrist 6-axis F/T sensor,"6-axis wrench recorded; analysis emphasizes axial force Fz and axial torque Tz, peaks/curves",Measure global disassembly load; compare strategies; validate mechanics model,Robot pose/trajectory known; detailed joint state observation Not stated,Recorded force/torque time curves for analysis; no policy history,No policy; programmed trajectory,No,"Known geometry, material, friction, interference and commanded velocities",Runtime current pose; local/distributed contact state; contact location,Initial vision alignment; known cylindrical geometry/material/friction; fixed trajectory; wrist load curve,Constrain mechanics and quantify axial friction without local contact sensing,Not applicable,Not applicable,Not applicable,Not applicable,Not applicable,No; only global load measurement,Single concentric cylindrical press-fit; known geometry/interference/material/friction; quasi-static alignment,No locality/multi-contact analysis; small torque noisy and affected by wear/alignment/trajectory error,No tactile sensor or F/T+tactile comparison,Controlled comparison; Failure analysis; Theory–simulation–experiment comparison,Twist-pulling reduces measured axial force by about 32.5% and succeeds in one high-interference case where direct pulling fails,"Tables 3–5 and Figs.6–8, PDF pp.9–12","Linear elastic simplification, material wear, small torque fluctuation, geometry/sample scope (§3.3/§4)","Elastic-plastic/wear models, other materials/geometries and multi-cylinder cases (§4 p.13)",papers/2024-xu-robotized-unplugging-press-fit.md
B089,Reactive Diffusion Policy: Slow-Fast Visual-Tactile Policy Learning for Contact-Rich Manipulation,Han Xue; Jieji Ren; Wendi Chen; Gu Zhang; Yuan Fang; Guoying Gu; Huazhe Xu; Cewu Lu,2025,arXiv preprint,Relevant,"Optical tactile PCA feature와 joint-torque-derived 6-D TCP wrench를 동일 slow-fast imitation framework의 대체 sensory variants로 비교하며, vision-only/open-loop baselines와 contact perturbation 실험을 제공한다. Tactile이 spatial deformation modes를 남기는 방식, estimated wrench가 global force/torque를 제공하는 방식, high-frequency feedback의 역할과 evidence를 직접 비교할 수 있다.",Peeling; curved-surface wiping; bimanual paper-cup lifting under perturbations,Imitation Learning; Slow-fast diffusion policy; Multimodal teleoperation,Reactive Diffusion Policy: latent diffusion slow policy + GRU asymmetric-tokenizer fast policy,One or two Flexiv Rizon 4 arms; Flexiv Grav grippers,Relative/absolute end-effector trajectory action chunks with high-frequency corrective actions,Interpolated TCP commands sent via Flexiv RDK at >500 Hz,Yes; wrist RGB and optional external RGB,기타,기타,Implicit in RGB/contact signal; no numeric current object pose,기타,Implicit visual/tactile appearance; no explicit geometry input,미제공,Yes in tactile variants,GelSight Mini and improved MCTac optical tactile sensors,Optical images and 2-D marker deformation fields,Marker tracking/optical flow relative to reference; PCA trained on random interactions; 24 FPS,15-D PCA embedding of marker deformation field,Normal/tangential deformation; torsional mode; rapid contact change,Raw pixels/texture; full marker spatial detail; explicit contact pose/location; global object state,Yes in force variants,Flexiv Rizon built-in joint torque sensors; Flexiv RDK estimated TCP wrench,6-D force+torque concatenated observation; 120 Hz downsampled to 24 FPS,High-frequency policy observation; contact/load regulation and recovery,Yes; relative or absolute robot/TCP state,Yes; observation horizon 2 and GRU autoregressive hidden state,Yes; current latent action chunk/previous fast trajectory context,No explicit object estimator; joint-torque-based wrench estimator in RDK,RGB; action chunk; sensor history,Numeric current pose/shape/physical properties; contact locality for wrench variant,Vision; proprioception; high-frequency tactile deformation or 6-D wrench; recurrent state,"Maintain contact, regulate load, and react within slow open-loop chunks",Not applicable; imitation policy runtime inputs only,Not applicable,Not applicable,Not applicable,Not applicable; demonstrations collected in real world,No; global estimated TCP wrench only,Accurate-enough robot dynamics/TCP transform; synchronized high-rate data; demonstrated contact regimes,Estimated wrench is noisy; no contact patch/locality or multi-contact separation,No simultaneous fusion ablation; tactile preserves local deformation modes while wrench gives low-dimensional global load in separate variants,Sensor/input ablation; Controlled comparison; Failure analysis; User study,RDP sensor variants outperform open-loop DP; force variant best; normal-only and tokenizer ablations substantially reduce peeling score,"Tables II–VI, PDF pp.9–11,17–18","Teleoperation latency/intuitiveness, two-finger scope, no high-rate vision, single-task policy (§VI p.14)","Lower latency, dexterous hands, high-rate visual fast policy, VLA integration (§VI p.14)",papers/2025-xue-reactive-diffusion-policy.md
B090,Disambiguate Gripper State in Grasp-Based Tasks: Pseudo-Tactile as Feedback Enables Pure Simulation Learning,Yifei Yang; Lu Chen; Zherui Song; Yenan Chen; Wentao Sun; Zhongxiang Zhou; Rong Xiong; Yue Wang,2025,2025 IEEE/RSJ International Conference on Intelligent Robots and Systems (IROS),Relevant,"Force-controlled gripper의 equilibrium joint angle을 pseudo-tactile로 사용하여 ambiguous closed command를 reliable binary grasp-state feedback으로 바꾸고, 이 축약 정보가 vision-only policy의 부족분을 어떻게 보완하는지 직접 실험한다. Privileged object pose 기반 simulation expert와 runtime RGB/binary state를 분리하며 pseudo-tactile ablation을 제공한다.",Pick-and-lift; drawer opening; oven opening with forced premature-gripper disturbances,Imitation Learning; Hybrid policy and rule-based tactile/compliance control; Sim-to-real,Diffusion Policy with DDIM; privileged state-based expert data generation,UR5; Robotiq 2F-85; RealSense D435i,End-effector 6-DoF pose and binary gripper command,Pseudo-tactile rule-based gripper controller; Cartesian admittance controller for articulated tasks,Yes; third-person RGB continuously,기타,기타,Implicit RGB at runtime; GT simulator pose only for expert demonstration generation/completion,기타,Implicit RGB/simulation assets; no explicit runtime geometry vector,미제공,Yes (pseudo-tactile),Force-controlled Robotiq gripper joint angle; no added tactile hardware,Continuous gripper joint angle at force equilibrium,Manual rule detects maximum-angle empty close and overrides close with reopen,Corrected binary gripper state supplied to policy,Successful grasp/contact containment presence,Continuous angle; force magnitude/direction; contact location/patch; shear; object pose,Yes only in low-level admittance; source Not stated,"External force/torque for admittance, sensor/source Not stated; pseudo-tactile itself is gripper joint angle",External wrench in admittance equation; exact components/frame/filtering Not stated,Compliant pose correction under articulated-object kinematic mismatch,Yes; EEF 6-DoF pose; gripper joint angle only in low-level controller,Not stated,Not stated,No explicit object estimator; binary pseudo-tactile grasp-state correction,RGB; binary gripper state,Numeric current object pose; reliable grasp success from vision/command; contact force/location,RGB; EEF pose; equilibrium joint angle transformed to binary grasp state; admittance wrench,Disambiguate empty-close from grasp-close and absorb trajectory mismatch,No,Not applicable,Not applicable,Yes for expert rollout/data filtering using object pose or joint angles,Yes; privileged object pose expert and simulator randomization/data generation,No,Force-controlled gripper; separable equilibrium angles; manual rule/threshold; calibrated wrench for admittance,Binary grasp presence only; external-wrench source/locality not analyzed,Pseudo-tactile identifies grasp success; admittance wrench handles compliance at a separate low-level controller,Sensor/controller ablation; Architecture ablation; Controlled comparison; Failure analysis,Pseudo-tactile increases oven success 30→80% and resilience 30→100%; data/architecture scaling without feedback does not resolve ambiguity,"Tables I–IV, PDF pp.6–8",No dedicated section; depends on force-controlled gripper/equilibrium rule and retains only binary grasp presence,Not stated in §VI conclusion,papers/2025-yang-pseudo-tactile-gripper-state.md
B092,Rotating without Seeing: Towards In-hand Dexterity through Touch,Zhao-Heng Yin; Binghao Huang; Yuzhe Qin; Qifeng Chen; Xiaolong Wang,2023,arXiv preprint,Relevant,"Vision 없이 16개 FSR를 binary contact로 축약하고 proprioception, previous target, 4-frame history와 결합해 in-hand rotation을 수행한다. Binary/continuous/no-sensor, palm/fingertip sensor ablation과 asymmetric critic/object-GT reward 구조를 모두 제공하여 축약 tactile 보완과 training privileged information을 직접 비교할 수 있다.",Vision-free in-hand object rotation about commanded x/y/z axes,Reinforcement Learning; Sim-to-real dexterous manipulation,PPO with asymmetric actor/value observations,XArm with 16-DoF Allegro hand and 16 FSR sensors,16-D relative joint-position target increment,EMA-smoothed joint targets; PD at 10 Hz,No at runtime,미제공,미제공,Actor none; simulator GT only for critic/reward/termination,미제공,No actor geometry; diverse training objects and tactile sequence only,Actor No; simulator randomized and critic privileged,Yes,"16 Force-Sensing Resistors on palm, finger links, and fingertips",Continuous nonlinear/noisy analog FSR voltages; simulated net force norm per sensor link,Per-sensor threshold; simulation threshold 0.01 N; current+3-state stacking,16-D binary contact vector over 4 frames,Contact presence; sensor-region locality/pattern; approximate object position/critical contact; short history,Force magnitude/direction; shear; exact contact point/normal; pressure distribution; explicit pose/shape,No wrist/global F/T; local tactile force only before binarization,FSR local sensors; continuous simulator contact force for critic only,Actor binary contact; critic privileged per-link continuous contact forces,Actor contact observation; critic training aid,Yes; 16 joint positions and previous joint target,Yes; current plus 3 historical states,Yes; previous joint-position target,No explicit object estimator; separate tactile-shape probe only for analysis,Desired rotation axis goal,Current pose; shape; physical parameters; continuous contact force,Binary tactile layout; joint state; previous target; 4-frame history; goal axis,Infer approximate in-hand position/contact transitions and sustain rotation,No,"Yes; contact forces, object GT pose, physical parameters",Yes; object rotation/velocity/fall/distance and controller state,Yes; object deviation/fall and horizon,Yes; object/physics/controller/noise domain randomization,No F/T; tactile sensor placement supplies coarse regional locality,Threshold calibration; known sensor layout; contacts occur on covered hand regions,Binary force magnitude/direction unavailable; sparse side-link coverage causes missed critical contacts,Not applicable; no global F/T used,Sensor ablation; Representation ablation; Shape probe; Failure analysis,Binary full-hand touch outperforms no/disabled/continuous sensing; both palm and fingertip sensors matter; touch halves shape-probe MSE,"Tables I–V and Figs.6–9, PDF pp.6–10",Sparse side-link coverage; continuous-signal sim–real gap; binary magnitude loss (§III-A/§V-E/I),Denser arrays and more diverse tasks (§VI p.10),papers/2023-yin-rotating-without-seeing-touch-dexterity.md
B093,SAVR: Scooping Adaptation for Variable Food Properties via Reinforcement Learning,J-Anne Yow; Wei Tech Ang,2025,2025 IEEE/RSJ International Conference on Intelligent Robots and Systems (IROS),Relevant,"Wrist 6-axis F/T history와 segmented spoon/food image를 함께 사용해 current food properties를 직접 제공하지 않고 scooping trajectory를 조절하며 sensor-modality ablation을 제공한다. F/T가 interaction dynamics를, vision mask가 spoon/food spatial cue를 담당하는 실제 역할과 privileged simulator reward/data randomization을 구분할 수 있어 본 Review 질문에 직접 관련된다.",Goal-conditioned food scooping to a target portion across variable food properties,Reinforcement Learning; DMP residual/adaptation; Sim-to-real,PPO modifying the DMP force term,UFactory xArm-6; spoon; M3712B 6-axis F/T; RealSense D435i,"Scalar z-direction corrective force term Cf in [-1,1]",DMP and position controller at 100 Hz; PPO at 20 Hz,Yes; RGB-D initial center and tracked segmented masks,Initial,미명시,GroundingDINO + depth initial bowl/food center for DMP y0; no continuous numeric pose,기타,Tracked spoon/food segmentation masks; no full geometry,미제공; randomized in simulation and inferred through interaction,No,No,Not applicable,Not applicable,Not applicable,Not applicable,Not applicable,Yes,Sunrise Instruments M3712B spoon-mounted/wrist 6-axis F/T,5-step history of 6-D wrench; axes/frame/filtering Not stated,Policy observation; infer interaction/food properties; adapt DMP z-force,Yes; five EEF pose histories,Yes; k=5 EEF and F/T,Not stated,GroundingDINO/depth initial center; SAM2 mask tracking; no explicit physical-property estimator,Segmented 3×200×200 spoon/food image; target amount; final actual amount; DMP step,Current numeric pose/orientation; explicit food physical properties; local/distributed contact,Initial RGB-D center; tracked masks; 5-step F/T and EEF history; DMP prior,Align motion and adapt vertical scoop path from interaction and visual area cues,No,Not stated,Yes; simulator actual scooped amount,No; fixed 20-step DMP horizon,Yes; simulator pose/volume/particle/target randomization,No; global spoon/wrist wrench only,Calibrated tool transform; known DMP phase/start; synchronized histories; structured scooping motion,No locality/multi-contact recovery; sensor/perception error can affect real performance,No tactile; segmented vision adds spoon/food spatial-area cues to global force history,Sensor combination ablation; Representation ablation; Controlled comparison,Full masks+F/T gives best real strict/relaxed success; segmented masks outperform raw RGB+force in simulation,"Tables II–V, PDF pp.4–6",Weight/heaped-capacity metric inconsistent volumetrically; simulator lacks deformable-food physics (§VI),Depth/density-based volume estimation and deformable-food simulation (§VI p.7),papers/2025-yow-savr-variable-food-scooping.md
B094,ForceVLA: Enhancing VLA Models with a Force-aware MoE for Contact-rich Manipulation,Jiawen Yu; Hairuo Liu; Qiaojun Yu; Jieji Ren; Ce Hao; Haitong Ding; Guangyu Huang; Guofan Huang; Yan Song; Panpan Cai; Wenqiang Zhang; Cewu Lu,2025,39th Conference on Neural Information Processing Systems (NeurIPS 2025),Relevant,"Vision-language-action policy에 single-step 6-axis estimated TCP wrench를 명시적으로 통합하고 force/no-force, naive fusion, MoE fusion ablations과 visual occlusion/failure analysis를 제공한다. F/T가 current numeric object pose 없이 contact dynamics를 보완하는 역할과 global wrench의 source/precision 한계를 직접 분석할 수 있다.",Bottle pumping; plug insertion; USB insertion; whiteboard wiping; cucumber peeling,Imitation Learning; Vision-Language-Action; Mixture-of-Experts force fusion,π0 conditional flow matching with post-VLM FVLMoE,Flexiv Rizon 7-DoF; Dahuan adaptive gripper; base/wrist RealSense cameras,Action chunks of target TCP pose and gripper width,Robot TCP/gripper execution; exact low-level controller/frequency Not stated,Yes; base and wrist RGB continuously,기타,기타,Implicit in RGB; no numeric current object pose,기타,Implicit visual-language representation; no explicit geometry,미제공,No,No,Not applicable,Not applicable,Not applicable,Not applicable,Not applicable,Yes,Estimated external TCP wrench from Flexiv Rizon platform; exact physical sensor/estimator source Not stated,"Single-timestep world-frame Fx,Fy,Fz,Mx,My,Mz projected to force token",Policy observation; contact/load modulation; retry/recovery; pressure regulation,Yes; TCP position/Euler orientation/gripper width,No explicit wrench/state history; action chunk only,Not stated,Estimated external TCP wrench; no explicit object-state estimator,Base/wrist RGB; language instruction,Numeric current pose/shape/physical parameters; contact locality/patch,Vision-language context; TCP/gripper state; estimated 6-D wrench,Infer scene/task and adapt action to global contact dynamics under occlusion/uncertainty,Not applicable / No simulator GT,Not applicable,Not applicable,Not applicable,Not applicable; real demonstrations only,No; no contact point/patch output,Calibrated estimated wrench/world frame; synchronized streams; platform-integrated sensing; expert contact examples,Estimated precision below direct high-fidelity sensing; global net wrench has no locality/multi-contact separation,No tactile used; vision/language provide context but not local contact distribution,Sensor combination ablation; Input masking; Fusion ablation; Generalization comparison; Failure analysis,MoE force fusion averages 60.5% vs 37.3% no-force; force masking causes large drops in insertion/pumping; fusion design matters,Fig.5/Table 2–3 pp.7–9; Table 6 pp.24–25,"Estimated-wrench precision, high-cost integrated sensing, real-only scale/simulation gap (§6 p.10)","Better/calibrated sensors, low-cost retrofit platforms, high-fidelity simulated scaling (§6 p.10)",papers/2025-yu-forcevla-force-aware-moe.md
B095,Augmenting Robotic Disassembly Skill: Combining Compliance Control Strategy with Reinforcement Learning for Twist-Pulling Disassembly,Yue Zang; Xiazhen Xu; Yongquan Zhang; Amir M. Hajiyavand; Jiaqi Ye; Yongjing Wang,2025,2025 IEEE/RSJ International Conference on Intelligent Robots and Systems (IROS),Relevant,"Hidden cap–shaft geometry와 misalignment 상황에서 flange force/torque와 TCP pose만으로 rotation center를 탐색하고 impedance twist-pull을 수행한다. Object pose/geometry 없이 wrench가 policy observation·reward·compliance에 쓰이는 범위, 이를 성립시키는 known axis/grasp/controller assumptions와 controlled strategy comparisons를 제공한다.",Twist-and-pull cap–shaft robotic disassembly under hidden geometry and rotation-center misalignment,Reinforcement Learning; Cartesian impedance/compliance control; Hybrid,DDPG,Franka Emika with Franka Hand and internal torque sensing,"2-D rotation-center offset (Δx, Δy); controller executes z twist and 5 mm lifts",Cartesian impedance mapped by Jacobian transpose with nullspace/Coriolis; Fz-to-z-rotation compensation,No,미제공,미제공,No object pose; TCP pose only,미제공,Hidden/unknown connection geometry; geometry similarity implicit in training transfer,미제공,No,No,Not applicable,Not applicable,Not applicable,Not applicable,Not applicable,Yes,Franka internal torque sensor used for flange force/torque detection; exact estimator Not stated,"Flange force/torque + TCP pose; reward Fn and Tz; compliance Fz; simplified Fx,Fy,tauz variant",Policy state; reward; compliance/force regulation; overload safety; rotation-center search,Yes; TCP pose and impedance errors,Not stated,Not stated,No explicit object/contact-state estimator,Known z twist/pull axis; fixed lift step; specified success height,Current object pose; internal connection geometry/physical properties; contact locality,Flange wrench; TCP pose; mechanical twist-pull prior; impedance response,Search a low-load rotation center and comply with hidden resistance,No,Not stated,No; sensor-derived force/torque,No; robot/tool lift height and safety limits,No / Not stated; real-world training,"No; action-based center search, not contact-point estimation",Rigid grasp; known z axis/lift direction; structured cap–shaft interface; calibrated torque-to-wrench; impedance gains/threshold; geometry similarity,"No contact patch/type recovery; performance depends on offset, geometry, fixture and excessive initial torque",No tactile; local contact information is not added,Controlled method comparison; Transfer comparison; Controller ablation; Action-space comparison; No sensor ablation,Hybrid method outperforms RL-only/no-RL; transfer degrades with dissimilar geometry; medium compliance often best,"Tables I–IV, PDF pp.5–6",No RL-method comparison; success-only metric; limited structural validation; geometry/fixture sensitivity (§V–VI),Improve sample efficiency and extend to more complex/diverse disassembly structures (§VI p.6),papers/2025-zang-compliance-rl-twist-pulling-disassembly.md
B096,Twist-pull as an execution skill primitive for robotic disassembly: Safety-aware skill augmentation under contact uncertainty,Yue Zang; Xiazhen Xu; Yongquan Zhang; Fan Zhang; Wupeng Deng; Amir M. Hajiyavand; Yongjing Wang,2026,"Journal of Manufacturing Systems 86, 22–37",Relevant,"Hidden internal contacts and missing explicit contact state are handled with a 6D wrench, vision-derived object progress, history, compliant control and structured RL. It directly shows what information is needed when end-effector pose alone is insufficient and documents wrench distortion under misalignment.","Twist–pull disassembly of cap–shaft, spanner-like, and real product assemblies under grasp misalignment and hidden contact resistance.",Reinforcement Learning; compliant control; safety policy; curriculum learning,DDPG with structured actor/critic branches,Franka Emika; Franka Hand,"Planar end-effector displacements dx, dy; rotational compensation gain k_c; safety policy separately modulates upward velocity",Cartesian impedance controller plus force-triggered twist–pull compensation and rule-based vertical-velocity safety policy,Yes; dual camera segmentation or ArUco supplies object–gripper height difference Δd,Tracking (relative axial progress Δd),"Initial; manually assigned/randomized, not continuously tracked by the policy",Vision-derived object–gripper relative height; end-effector pose/proprioception,Initial / task-specific geometry used for bounds and curriculum; not an actor input,Known experimental part dimensions and predefined curriculum cases,"Not provided to actor; hidden friction, stiffness and interference motivate feedback adaptation",No,Not applicable,Not applicable,Not applicable,Not applicable,Not applicable,Not applicable,Yes,Joint-torque-sensor-derived six-dimensional end-effector wrench on Franka; no separate wrist F/T specified,"[f_x, f_y, f_z, t_x, t_y, t_z]",Actor/critic observation; resistance feedback; structured motion/compliance branches; overload termination,Yes; gripper/end-effector pose contributes to Δd and impedance control,Yes; safety policy uses Δd and prior velocity history,Yes; previous upward velocity enters safety ratios,Vision supplies Δd; no explicit hidden-contact-state estimator,Scalar Δd object–gripper incremental height difference,"Internal contact geometry, friction and explicit hidden contact state are not observed; full current object pose is not an actor input",6D wrench; vision-derived Δd; proprioception/history; compliant primitive structure,Wrench indicates resistance and misalignment effects; Δd exposes object progress/slip that gripper pose alone misses; history safely modulates pull speed,No simulator GT identified; execution sensor observation is wrench + Δd,No; same structured sensor representation as actor is stated,No simulator GT identified; reward uses visually measured object lift and Δd mismatch,No; vision/force/task limits are used,No privileged state stated; predefined task environments and success-rate progression are used,No; wrench is not inverted to a contact location,"Quasi-static, rigid-body rotation-centre analysis; fixed disassembly axis; calibrated wrench/kinematics; low-speed compliant execution","Misalignment couples axial force into lateral forces and torques; gripper compliance, slip and hysteresis distort wrench; locality is not recovered",Not applicable; tactile is proposed only as future multimodal extension,Architecture/safety ablation; controlled baseline comparison; generalization and failure analysis,"Structured vs unstructured, safety-policy removal, RL/controller baselines and cross-structure transfer are compared; sensor removal is not tested","Fig.10 and Table 2, PDF pp.10–11; Table 3, pp.11–12; Discussion, pp.14–15","TP abstraction excludes interactions without dominant axial separation/rotational modulation; quasi-static rigid assumptions omit dynamics; biased axes, extreme misalignment/interference, slip and hysteresis remain limits",Model dynamic/hysteretic effects; adapt stiffness and physically ground k_c; extend to multiple execution skills and multi-skill coordination; add tactile or multimodal sensing,papers/2026-zang-twist-pull-safety-aware-disassembly.md
B098,Learning Insertion Primitives with Discrete-Continuous Hybrid Action Space for Robotic Assembly Tasks,Xiang Zhang; Shiyu Jin; Changhao Wang; Xinghao Zhu; Masayoshi Tomizuka,2021,arXiv:2110.12618,Relevant,The paper exposes how current hole pose uncertainty is handled without vision: nominal relative pose and wrist wrench feed an RL policy whose force-thresholded primitives react to contact. It directly separates force-based contact detection from true contact localization and also exposes training-time pose GT in reward/termination.,Peg-in-hole and connector insertion under uncertain hole pose using learned motion primitives,Reinforcement Learning; parameterized action primitives,Twin-Smoothed Multi-pass Deep Q-Network (TS-MP-DQN),FANUC LR Mate 200iD,Discrete primitive type (translation/rotation/insertion) plus continuous velocity and force-limit parameters,Cartesian velocity commands with impedance control on the real robot; primitive terminates on projected-force or travel threshold,No,Tracking for manipulated peg relative to nominal hole; true hole pose is not observed,Tracking for peg relative to nominal reference; true hole yaw is perturbed/hidden,Robot/peg pose relative to nominal hole pose,미제공 to policy; known task geometry in simulation/evaluation,"Task fixtures and simulator meshes, not observation",Not stated as policy input,No,Not applicable,Not applicable,Not applicable,Not applicable,Not applicable,Not applicable,Yes,External wrench in simulation; wrist F/T sensor on real robot,External wrench F_ext in state; projected contact-force threshold f_lim in each primitive,Policy observation and contact-conditioned primitive termination,Yes; relative peg pose and velocity,No,No,No explicit estimator; nominal hole pose plus contact feedback,"Relative peg pose x, peg velocity x_dot",Actual hole pose differs from nominal pose and is not observed directly,External wrench; reactive force-limit primitives; relative peg state,"Contact force stops a motion when contact occurs and, together with pose/velocity, lets the primitive sequence search for the hidden hole offset",No in real execution; nominal hole-relative peg state and F/T are used,No; twin Q networks use the same state/action,Yes in simulation; exact pose error to x_goal defines reward,Yes in simulation; goal/terminal flag uses simulated task state in addition to primitive sensor thresholds,Not applicable,No; force detects contact along the commanded direction but does not recover location,Known nominal hole frame; peg rigidly held; calibrated F/T and velocity direction; thresholded single commanded motion; impedance-controlled real robot,No explicit wrench-locality discussion; unknown hole pose remains and force alone only stops primitives,Not applicable,Algorithm/action-space ablation; baseline comparison; sim-to-real evaluation,"TS-MP-DQN is compared with MP-DQN, discretized primitives and continuous control across simulation, transfer and six real tasks","Fig.5 and Table I, PDF pp.5–6; Table II, p.6","Vision is absent, so initial pose estimation is assumed nominal and perturbed; the paper does not present an explicit limitation section",Add vision for initial pose estimation; extend to bimanual and deformable-object manipulation,papers/2021-zhang-parameterized-insertion-primitives.md
B099,Learning Variable Impedance Control via Inverse Reinforcement Learning for Force-Related Tasks,Xiang Zhang; Liting Sun; Zhian Kuang; Masayoshi Tomizuka,2021,"IEEE Robotics and Automation Letters 6(2), 2225–2232",Partially Relevant,"The paper does not use tactile and does not infer contact locality, but it separates wrist F/T used for demonstration collection from execution observations, and compares force-action versus impedance-gain representations and short history. This is useful evidence about when force information is training-only and about force-action transfer limitations.",Peg-in-hole and cup-on-plate variable-impedance manipulation learned from expert demonstrations,Inverse Reinforcement Learning; variable impedance control; learning from demonstration,AIRL with TRPO; behavior cloning and force-action baselines,FANUC LR Mate 200iD/7L,"Diagonal Cartesian stiffness/damping gains or Cartesian feedback force, depending on experimental variant",Cartesian impedance controller; simplified law does not measure external force during policy execution,No,Tracking for end-effector/attached object relative to fixed goal waypoint,Tracking where included in tracking error; exact components are task dependent,Robot kinematics and fixed desired trajectory/waypoint,미제공,Task geometry is not a policy input,Robot dynamics model enters controller; object parameters are not policy observations,No,Not applicable,Not applicable,Not applicable,Not applicable,Not applicable,Not applicable,"Yes, but only for real expert demonstration collection",Wrist F/T sensor during human kinesthetic demonstration,6D human-applied Cartesian force/torque; sliding-window estimate of stiffness/damping,Training demonstration and gain estimation; not an execution observation in the learned gain policy,Yes; tracking error e and tracking velocity e_dot,Yes in evaluated augmented-observation variants (last five e/e_dot pairs),No,Sliding-window least-squares gain estimation for expert data,Fixed desired waypoint/trajectory,Object geometry and environment contact state are not observed; goal waypoints are assumed fixed and given,Tracking error/velocity; impedance law; optional short history; expert F/T only at training-data collection,"Kinematic error drives task execution and impedance gains produce feedback force; history approximates acceleration, though experiments show no consistent benefit",No; actor uses tracking error/velocity available from robot kinematics,Not stated; no asymmetric critic is reported,"No; AIRL reward is learned from (observation, action), not hand-coded simulator GT",Not stated,Not applicable,No,Fixed known waypoints/desired trajectory; known robot dynamics; diagonal positive gains; attached object follows end effector; simplified impedance law,Execution controller omits external-force measurement and Cartesian dynamics remain coupled; direct force actions have poor transfer,Not applicable,Controlled action-space and learning-method comparison; real sim-to-real failure analysis,"Gain-AIRL, force-AIRL, gain/force BC and constant-gain are compared; history variants are also controlled","Tables I–III, PDF pp.4–6; Fig.7 and §V, pp.7–8",Simplified impedance law does not measure external force and yields coupled Cartesian dynamics; fixed/given waypoints limit time-varying goals,Add external force to decouple dynamics; output expert waypoints and add workspace image input,papers/2021-zhang-variable-impedance-airl.md
B100,A residual reinforcement learning method for robotic assembly using visual and force information,Zhuangzhuang Zhang; Yizhao Wang; Zhinan Zhang; Lihui Wang; Huang Huang; Qixin Cao,2024,"Journal of Manufacturing Systems 72, 245–262",Relevant,"The paper explicitly assigns global relative-pose search to vision and local contact handling to wrist F/T, while keeping force out of the learned actor and putting it in a controller. It includes modality/controller ablations and exposes simulation GT used in the staged reward.","Vision-guided peg-in-hole assembly with force-controlled reaching, search and insertion stages",Residual Reinforcement Learning; hybrid force/position control,PPO actor–critic,UR10 with Robotiq 2F-140 gripper,3D Cartesian displacement Δx and z-axis rotation increment Δα_z from visual policy; force controller adds/replaces residual commands,Modified parallel explicit-force/admittance/position controller; IK to position commands,Yes; eye-in-hand RGB image encoded to 512 features,Tracking (implicit relative peg–hole feature from each RGB image),Tracking (implicit relative z-axis orientation feature),Eye-in-hand RGB through CNN; not explicit numeric pose at actor,"기타; implicit in RGB, no explicit geometry after training",Raw eye-in-hand RGB appearance,No object parameters in actor; controller gains manually set,No,Not applicable,Not applicable,Not applicable,Not applicable,Not applicable,Not applicable,Yes,ATI Mini45 six-axis wrist F/T sensor,"Filtered/gravity-compensated [F_x,F_y,F_z,M_x,M_y,M_z], force error and threshold events",Stage transition/contact detection; constant-force insertion; admittance correction; safety reset/termination; not direct actor input,Yes in controller/IK; not listed as visual actor input,No explicit actor history,No,CNN produces 512 implicit object-centric relative-pose features,Task stage determined by F_z events,Explicit geometric parameters and numeric part poses are not supplied after training,RGB relative-pose features + wrist F/T + analytical force-control prior,Vision drives global spatial search; F/T detects contact and handles local interaction/force regulation during search and insertion,No; actor sees RGB only,No; actor and critic share visual feature extractor,Yes in simulation; exact relative position/orientation/height variables shape reward,"No privileged state stated; F/T, action/time safety limits and completion contact are used",Not applicable,No,Known flat task frame/surface normal; calibrated F/T and gravity compensation; manually tuned force/admittance gains; rigid objects,F/T provides contact/stage and regulation but not part pose or contact locality; control parameters are material dependent,Not applicable,Sensor/modality and controller ablation; noise robustness; real transfer,"Full vision+modified force control is compared with no vision, force-threshold and admittance-only variants across clearances, poses and shapes","Fig.10 and Table 2, PDF pp.11–14; real results Table 3, pp.15–16",RGB is sensitive to brightness/color and limited field of view; manual force parameters may fail across material/hardness; sim-to-real gap remains; non-flat tasks enlarge action space,"Use depth/preprocessed images; learn force-control parameters with multimodal RL; add visual, force and proprioceptive data as RL observations for variable stiffness tasks",papers/2024-zhang-residual-rl-visual-force-assembly.md
B101,SRL-VIC: A Variable Stiffness-based Safe Reinforcement Learning for Contact-rich Robotic Tasks,Heng Zhang; Gokhan Solak; Gustavo J. G. Lahr; Arash Ajoudani,2024,IEEE Robotics and Automation Letters (accepted preprint),Relevant,"This blind contact task removes vision and combines net F/T, proprioceptive position, learned safety risk and impedance modulation. It directly shows that F/T alone does not supply environment geometry or contact locality, and uses controlled component ablations to test how force feedback and controller priors compensate.","Blind, contact-rich maze exploration with collision safety and obstacle pushing",Safe Reinforcement Learning; variable impedance control; recovery policy,SAC task policy; DDPG recovery policy; learned safety critic,7-DoF Franka Emika Panda,"Relative planar displacement [ΔP_x,ΔP_y] and stiffness [K_x,K_y]",Task-space variable impedance controller,No,Not applicable; no manipulated target object,Not applicable,Not applicable; current end-effector position is proprioceptive state,미제공; maze geometry is not observed,"Fixed training layout is implicit in experience, not an observation",미제공,No,Not applicable,Not applicable,Not applicable,Not applicable,Not applicable,Not applicable,Yes,Six-dimensional F/T measurement; sensor hardware/brand is not stated,"[F_x,F_y,F_z,T_x,T_y,T_z]; force magnitude threshold; simulated observation noise",Safety critic/recovery state; task-policy state; collision constraint; VIC interaction feedback,"Yes; task policy also receives end-effector [P_x,P_y,P_z]",No recurrent/history input stated,No,"Safety critic predicts action risk Q_risk(s,a)",Known goal used in reward; current end-effector position in task policy,No vision or maze map/shape observation; contact location and obstacle geometry are unknown,6D F/T + end-effector position + learned risk + recovery policy,"F/T signals contact severity, position provides progress/memory in a fixed layout, and risk/recovery predicts unsafe actions before execution",No; real-executable F/T and end-effector position,No asymmetric GT; safety critic uses F/T state and proposed action,No object GT; reward uses robot position to a known goal and force-threshold events,"No; force constraint, entrance/goal and horizon are monitorable",Yes for offline data generation only; six known simulator points and scripted collision sampling create safety labels,No,"Known goal, calibrated F/T, reliable force threshold, fixed task-space controller; fixed training maze lets position encode progress","F/T measures net interaction but no contact point; simulation/real F/T dynamics and sensing differ, and force alone does not generalize task layout",Not applicable,Sensor/controller/safety-component ablation; risk analysis; real failure analysis,VIC+recovery is compared with constant-stiffness recovery and VIC without recovery; combinations isolate the contribution of stiffness adaptation and predictive safety,"Fig.4–6, PDF pp.5–6; real deployment and failure, pp.7–8",Task policy trained on one maze cannot generalize to a substantially different maze; simulator dynamics/F/T precision caused initial real failures,Evaluate more generalized task scenarios and incorporate model-based RL to improve safety and robustness,papers/2024-zhang-srl-vic-contact-maze.md
B102,The Role of Tactile Sensing for Learning Reach and Grasp,Boya Zhang; Iris Andrussow; Andreas Zell; Georg Martius,2025,IEEE International Conference on Robotics and Automation (ICRA),Relevant,"This is a direct representation-ablation study of binary, magnitude, vector and regional tactile signals with vision, proprioception and history. It provides unusually strong evidence about what reduced tactile removes and what remains useful when visual object pose is imperfect.",Two-finger reach-and-grasp with systematic comparison of tactile sensing representations,Reinforcement Learning; sim-to-real tactile representation study,SAC and MPO,Franka Panda with two-finger antipodal gripper; real Minsight fingertips,Seven arm joint positions plus gripper opening width,Joint impedance controller interpolates 20-Hz policy output to 1 kHz on hardware,"Yes; exact/noised object state in core simulation, wrist RGB encoder in generalization, FoundationPose on real robot",Tracking,Tracking,Simulation GT with injected noise; wrist RGB encoder; FoundationPose on hardware,"기타; object type one-hot or implicit wrist RGB, no mesh passed to policy",One-hot identity / visual representation; meshes used for simulation and grasp generation,Not actor input; friction/controller parameters randomized for transfer,Yes,Two Minsight vision-based fingertip sensors; simulated 50 force-vector primitives per fingertip,Per-contact primitive 3D force vectors; real Minsight force estimates,Aggregate whole-finger force; threshold to binary; magnitude; K-region selection; optional concatenation of global vector,"B, M, V, BK, MK, VK for K=5/9/12; two fingers; five-frame observation history",Contact presence; force magnitude; global direction; regional contact distribution depending on representation,Binary removes magnitude/direction; magnitude removes direction; global V removes spatial locality; K-region versions quantize locality and omit full surface detail,"No; global force vector is fingertip tactile aggregation, not wrist F/T",Not applicable,Not applicable,Not applicable,Yes; TCP pose and gripper opening,Yes; typically five successive observations,No,Visual encoder/FoundationPose; no tactile pose estimator,"Object type, remaining-step scalar","Noisy/occluded visual pose and, for reduced tactile, spatial/magnitude/directional contact detail",Tactile representation + proprioception + short history + vision,Tactile supplies contact/force cues when vision is biased; proprioception/actions make them actionable; short history smooths tracking noise,Yes in core simulation variants: exact object pose/type before controlled noise; no on real hardware where FoundationPose is used,No asymmetric critic reported; same state representation is used,Yes; simulator contact distances/forces and post-rollout stability test with random forces,No special privileged early termination stated; fixed episode horizon,Yes; demo injection uses precomputed stable poses/robust grasps and simulation object models,Not applicable,Not applicable,Not applicable,No wrist F/T is used; study shows global fingertip force direction can outperform dense regional maps under noisy vision,"Representation, sensor-area, history and modality ablations; generalization and sim-to-real comparison","No-tactile, binary, magnitude, vector, regional maps, memory lengths and sensing areas are directly compared under perfect/noisy vision and hardware transfer","Table II–III and Fig.4–10, PDF pp.4–6; Table V, p.6",Simplified rigid sensor/contact model; controlled setting; algorithm/hyperparameter sensitivity; sim-to-real confounds; no online visual-tactile feature learning due compute,Blind grasping with active search and accumulated information; multi-finger in-hand manipulation; online visual-tactile feature learning,papers/2025-zhang-role-tactile-reach-grasp.md
B105,ARMCL: ARM Contact point Localization via Monte Carlo Localization,Adrian Zwiener; Richard Hanten; Cornelia Schulz; Andreas Zell,2019,IEEE/RSJ International Conference on Intelligent Robots and Systems (IROS),Relevant,"This paper directly answers how far joint-torque-derived wrench information can recover contact locality and which extra constraints make that possible. It explicitly analyzes non-uniqueness, multiple contacts, tangential forces, known geometry and model-error limitations.",External contact point and force localization on a robot arm without tactile skin,State estimation; particle filter; model-based contact localization,Monte Carlo localization (ARMCL),Kinova Jaco2,Not applicable; estimator output only,Not applicable,No,Not applicable; external object is not modeled,Not applicable,Not applicable,Not applicable,"Known robot surface mesh, not object geometry",Not applicable,No,Not applicable,Not applicable,Not applicable,Not applicable,Not applicable,Not applicable,Yes,One-dimensional joint torque sensors; momentum-residual observer estimates external joint torques,Joint positions/velocities/torques → residual r≈τ_ext → normalized residual and particle likelihood; SVD force amplitude,"Contact detection, surface contact-location distribution and normal-force amplitude estimation","Yes; q, q_dot and joint torques",Yes implicitly in momentum residual integration and sequential particle filter,No,Particle filter over known triangular robot surface mesh with density estimation,"Known robot kinematics, dynamics, surface normals and mesh topology","No external-object pose/shape, contact patch or tangential force; joint torques underdetermine location",Known robot mesh/kinematics/dynamics; normal-force and single-contact assumptions; temporal particle belief,Geometric and dynamic constraints turn ambiguous joint-torque residuals into a probability distribution over robot surface locations,Not applicable,Not applicable,Not applicable,Not applicable,Not applicable,"Yes, under restrictive assumptions",Known robot surface mesh/kinematics/dynamics; contact lies on surface; force is normal; primarily single contact; sufficient torque channels; threshold removes noise,1D joint torques have no unique solution; multiple contacts can equal one apparent contact; tangent forces yield infinitely many solutions; geometry and acceleration/model error bias estimates,Not applicable; tactile skin is explicitly absent,Controlled estimator comparison; real/simulation accuracy and convergence tests; failure analysis,"Particle variants are compared with direct optimization, RF, MLP and friction-cone filter; real contact points/forces validate convergence and errors","Table I, PDF p.5; Table II, p.6; Discussion, p.7",Contact problem is ambiguous; model/sensor accuracy and high acceleration affect estimates; normal-force and single-contact focus excludes tangential/multiple-contact cases,"Investigate multiple contacts, fuse 3D environmental sensing as prior, and analyze tangential contact forces",papers/2019-zwiener-armcl-contact-localization.md
B106,"Framework for Robot Door Opening Based on Visual, Force, and Tactile Integration",Valentin Šimundić; Luka Petrović; Matej Džijan; Robert Cupec,2026,"IEEE Access 14, 11110–11128",Relevant,"This paper gives an explicit F/T–tactile division: wrist F/T detects unexpected collisions globally, while a fingertip tactile sensor verifies local door-leaf contact and contact loss. Failure events and pose/history then correct an initially vision-derived object model, while the authors directly state that exact contact locality is still unknown.",Autonomous opening of handleless cabinet doors with failure-driven camera/environment-model correction,Rule-based finite-state machine; geometric optimization; motion planning,Levenberg–Marquardt camera-parameter correction with sampled contact hypotheses,UR5; Robotiq 3-Finger Gripper,"Planned joint-space approach, insertion and door-opening trajectories; retry after correction",Trajectory execution with sensor-threshold state transitions and replanning,Yes; eye-in-hand RGB-D/LiDAR door detection and event-triggered recapture,Initial plus failure-triggered recapture/update; not continuous tracking,Initial plus door-state recapture after contact loss,RGB-D door model; corrected camera model; recapture module,Initial,"RGB-D polyhedral cabinet/door model with size, hinge axis and leaf offset",Rigid polyhedral model and hinge kinematics assumed; friction not estimated,Yes,Single XELA uSPa 44 fingertip tactile sensor,Sensor output details/units not stated,Threshold to significant tactile feedback/contact/no-contact; exact threshold not stated,"Contact established, missed contact, and contact-loss events",Local fingertip contact presence and continuity with door leaf,"Exact contact point, distributed patch, force vector/magnitude and full gripper coverage are unavailable in the method",Yes,Robotiq FT300-S six-axis wrist F/T sensor,External force/torque monitored against a predefined threshold; tool pose recorded at threshold crossing,Collision detection during approach/insertion and trigger for model correction/replanning,"Yes; robot tool pose, joint state and calibrated transforms support planning/correction",Yes; execution trace of all failed actions/scenes accumulates across trials,Yes; failed pose/path and candidate contact sets enter recursive correction,RGB-D door-state estimator during recapture; optimized camera/cabinet model,Known robot/tool kinematics and polyhedral feature geometry,Camera calibration/model bias and exact tool–environment contact correspondence,Wrist F/T collision events; fingertip tactile contact/miss/loss; tool pose; failure history; known geometry,"F/T identifies unexpected global collision, tactile identifies local door-leaf contact continuity, and both generate constraints that correct the visual model",Not applicable,Not applicable,Not applicable,Not applicable,Not applicable,No; all possible feature pairs are enumerated because contact point is unknown,Rigid convex/polyhedral tool and environment; known kinematics/transforms; calibrated threshold; dominant camera-calibration error; correct segmentation/model correspondence,Thresholded wrench cannot specify which tool/environment features contacted; candidate enumeration is computationally expensive; force direction is unused,"Tactile confirms local fingertip–door contact and detects miss/loss during opening, events that wrist collision threshold alone does not identify",Correction-parameter ablation; real repeated-trial comparison; author explanation (no sensor-removal ablation),Camera/optimization parameters and calibration strategies are compared; the exact F/T+tactile modality split is not ablated,"Table 4 and Fig.8–10, PDF pp.13–14; Fig.11–12, pp.14–15; modality logic §III-D, p.5","Exact contact correspondence is unknown, forcing expensive consideration of all candidates; method assumes rigid polyhedral bodies and does not address segmentation error",Use wrist force direction to reject inconsistent surfaces; use full-gripper tactile coverage with precise contact localization; extend correction to other rigid polyhedral manipulation tasks,papers/2026-simundic-visual-force-tactile-door-opening.md
