pdf_id,pdf_filename,local_path,sha256,paper_title,authors,year,venue,version,relevance_screening,pass_reason,analysis_file,status,page_count,duplicate_of,version_note,screening_reason,doi,arxiv,screening_source_location,read_scope,source_type,sort_index
B016,"Deng 등 - 2025 - Coarse-to-Fine Robotic Pushing Using Touch, Vision and Proprioception.pdf","260918/Deng 등 - 2025 - Coarse-to-Fine Robotic Pushing Using Touch, Vision and Proprioception.pdf",a1b55c26c1ec3b0e73fd3ae75e29a4b11fe4e5d42210a94ed35a84da696ab9ec,"Coarse-to-Fine Robotic Pushing Using Touch, Vision and Proprioception",Bowen Deng; Yijiong Lin; Max Yang; Nathan F. Lepora,2025,IEEE Robotics and Automation Letters 10(2):1545–1552,Publisher version; issue February 2025; online publication 2024-12-04,Relevant,Not applicable,papers/2025-deng-coarse-to-fine-robotic-pushing.md,completed,8,Not applicable,2025 권호를 year로 사용. Online publication은 2024이며 선택 PDF에 두 날짜가 모두 명시됨.,물체 local contact pose를 3개 성분으로 축약한 tactile estimator와 proprioception을 결합해 pushing한다. 이 표현에서 없는 물체 전체 위치·방향 및 초기 접근 정보는 vision의 단계별 재위치 추정과 bounding rectangle로 보완한다. Multi-stage와 single-stage 비교가 있지만 tactile-only/vision-only 센서 제거 실험과는 다르다.,10.1109/LRA.2024.3511378,Not stated,"Abstract/§I, PDF p.1; §III-A–C, pp.3–4",본문·Related Work·Method·실험·Discussion·References pp.1–8을 확인했다. Table III/IV가 있는 PDF p.6을 렌더링 검수했다. 외부에서 인용한 controller/GAN 논문은 이번 PDF의 상세 명세로 채워 넣지 않았다.,Research paper,16
B017,Dengler 등 - 2025 - Learning Goal-Directed Object Pushing in Cluttered Scenes With Location-Based Attention (2).pdf,260918/Dengler 등 - 2025 - Learning Goal-Directed Object Pushing in Cluttered Scenes With Location-Based Attention (2).pdf,bfb651b2b02d330d2ea70e8021143dee6ab4a5036d520a952db3dca8a9e29584,Learning Goal-Directed Object Pushing in Cluttered Scenes With Location-Based Attention,Nils Dengler; Juan Del Aguila Ferrandis; João Moura; Sethu Vijayakumar; Maren Bennewitz,2025,IROS 2025,Publisher version,PASS,"Object/target pose와 occupancy grid를 제공한 pushing에서 location-based attention을 비교하는 연구다. LSTM의 hidden friction/inertia에 대한 일반적 설명은 있으나 tactile/F/T, pose 부재 보완 또는 접촉 정보의 모달리티별 역할을 직접 조사하지 않아 PASS.",Not applicable,passed,7,Not applicable,B017/B018의 DOI·제목·7쪽 본문 일치. 전체 추출문에서 다운로드 권한 footer 행을 제외하면 동일하며 Method/실험 변경 없음. SHA-256은 다르므로 동일 파일 해시가 아닌 같은 출판본 복사본으로 판정.,"Object/target pose와 occupancy grid를 제공한 pushing에서 location-based attention을 비교하는 연구다. LSTM의 hidden friction/inertia에 대한 일반적 설명은 있으나 tactile/F/T, pose 부재 보완 또는 접촉 정보의 모달리티별 역할을 직접 조사하지 않아 PASS.",10.1109/IROS60139.2025.11246809,Not stated,"Title/Abstract/§I, PDF p.1; Fig.2/§III-A–B, p.3",Title/abstract/introduction·method overview·observation을 screening; PASS 후 상세 노트 없음. 중복 확인용 전체 페이지 텍스트 비교.,Research paper,17
B018,Dengler 등 - 2025 - Learning Goal-Directed Object Pushing in Cluttered Scenes With Location-Based Attention.pdf,260918/Dengler 등 - 2025 - Learning Goal-Directed Object Pushing in Cluttered Scenes With Location-Based Attention.pdf,59fb2e3006d34140b738f2608f061f1c1cf7c57d01fdc61c836cec8ae47c1061,Learning Goal-Directed Object Pushing in Cluttered Scenes With Location-Based Attention,Nils Dengler; Juan Del Aguila Ferrandis; João Moura; Sethu Vijayakumar; Maren Bennewitz,2025,IROS 2025,Publisher version,duplicate,"Object/target pose와 occupancy grid를 제공한 pushing에서 location-based attention을 비교하는 연구다. LSTM의 hidden friction/inertia에 대한 일반적 설명은 있으나 tactile/F/T, pose 부재 보완 또는 접촉 정보의 모달리티별 역할을 직접 조사하지 않아 PASS.",Not applicable,duplicate,7,B017,B017/B018의 DOI·제목·7쪽 본문 일치. 전체 추출문에서 다운로드 권한 footer 행을 제외하면 동일하며 Method/실험 변경 없음. SHA-256은 다르므로 동일 파일 해시가 아닌 같은 출판본 복사본으로 판정.,"Object/target pose와 occupancy grid를 제공한 pushing에서 location-based attention을 비교하는 연구다. LSTM의 hidden friction/inertia에 대한 일반적 설명은 있으나 tactile/F/T, pose 부재 보완 또는 접촉 정보의 모달리티별 역할을 직접 조사하지 않아 PASS.",10.1109/IROS60139.2025.11246809,Not stated,"Title/DOI, PDF p.1; §III-B observation, p.3; B017과 전체 텍스트 비교",B017과 동일 출판본 복사본 확인. 별도 정독/분석 노트 없음.,Research paper,18
B019,Fang 등 - 2026 - Force Policy Learning Hybrid Force-Position Control Policy under Interaction Frame for Contact-Rich.pdf,260918/Fang 등 - 2026 - Force Policy Learning Hybrid Force-Position Control Policy under Interaction Frame for Contact-Rich.pdf,32f6abdeacef110e29c8239bb80afc1b997dce84937a765b55260e00c7b82034,Force Policy: Learning Hybrid Force-Position Control Policy under Interaction Frame for Contact-Rich Manipulation,Hongjie Fang; Shirun Tang; Mingyu Mei; Haoxiang Qin; Zihao He; Jingjing Chen; Ying Feng; Chenxi Wang; Wanxi Liu; Zaixing He; Cewu Lu; Shiquan Wang,2026,Not stated (arXiv preprint),arXiv v2; 9 May 2026,Relevant,Not applicable,papers/2026-fang-force-policy.md,completed,24,Not applicable,선택 파일 1개; 실제 읽은 PDF 버전 기준,"손목/플랜지 F/T와 운동 이력으로 접촉 제어 좌표계와 힘·위치 제어 축을 구성한다. 동일한 힘·운동 신호만으로 마찰과 탄성 변형을 구별하기 어려워 시각·과업 의미 정보를 학습 라벨 생성에 추가한다. F/T의 정보적 한계와 추가 가정, 시각과 힘의 실행 역할을 직접 비교할 수 있다.",Not stated,2602.22088v2,Abstract/Introduction pp.1–2; §III–IV pp.3–6,본문 pp.1–9 및 포함된 Supplement pp.13–24를 읽었다. 핵심 Table II–VI 및 Fig.5–9를 PDF 렌더로 확인했다.,Research paper,19
B020,Ferrandis 등 - 2024 - Learning Visuotactile Estimation and Control for Non-prehensile Manipulation under Occlusions.pdf,260918/Ferrandis 등 - 2024 - Learning Visuotactile Estimation and Control for Non-prehensile Manipulation under Occlusions.pdf,ecfad6c9a5839c38964246df185782ba7dae9b5de6ab8ab8c1ac30dbf5b0baae,Learning Visuotactile Estimation and Control for Non-prehensile Manipulation under Occlusions,Juan Del Aguila Ferrandis; João Moura; Sethu Vijayakumar,2024,8th Conference on Robot Learning (CoRL 2024),arXiv v1; 17 December 2024; CoRL manuscript with appendix,Relevant,Not applicable,papers/2024-del-aguila-ferrandis-visuotactile-estimation-occlusions.md,completed,15,Not applicable,선택 파일 1개; 실제 읽은 PDF 버전 기준,가려진 물체의 pose를 force·EEF pose·과거 시각 정보로 추정하고 불확실성까지 RL 정책에 제공한다. Privileged policy를 이용한 데이터 생성과 실제 배포 정책 입력이 명확히 다르다. 제목의 tactile은 여기서 wrist F/T 기반 force feedback이며 별도 촉각 배열과 혼동하지 않아야 한다.,Not stated,2412.13157v1,"Abstract/§1–3, pp.1–4","본문 pp.1–8, Appendix A–B pp.12–15를 읽고 Table 2 및 Fig.2–4를 렌더 확인했다.",Research paper,20
B021,Ge 등 - 2026 - FILIC Dual-Loop Force-Guided Imitation Learning with Impedance Torque Control for Contact-Rich Mani.pdf,260918/Ge 등 - 2026 - FILIC Dual-Loop Force-Guided Imitation Learning with Impedance Torque Control for Contact-Rich Mani.pdf,71230e32ceafefd1ed30f08ad61e855ca4a27e35e6efa12c053f8c555ae070bf,FILIC: Dual-Loop Force-Guided Imitation Learning with Impedance Torque Control for Contact-Rich Manipulation Tasks,Haizhou Ge; Yufei Jia; Zheng Li; Yue Li; Zhixing Chen; Lu Shi; Lei Han; Ruqi Huang; Guyue Zhou,2026,Not stated (arXiv preprint),arXiv v2; 19 June 2026,Relevant,Not applicable,papers/2026-ge-filic.md,completed,8,Not applicable,선택 파일 1개; 실제 읽은 PDF 버전 기준,관절 토크를 digital twin과 Jacobian으로 보정·변환한 EEF wrench의 역할을 조사한다. 동일 시각·EEF position 입력에서 raw joint torque와 estimated force를 비교하므로 접촉 정보 표현의 유용성에 직접적인 근거를 제공한다. 독립 wrist F/T를 사용한 방법과 명확히 구별할 수 있다.,Not stated,2509.17053v2,"Abstract/§I/§IV, pp.1–5",본문 pp.1–7을 전부 읽고 Fig.3–4와 Table I–III를 PDF 렌더 확인했다. p.8은 참고문헌이며 별도 appendix는 없다.,Research paper,21
B022,Georgakis 등 - 2022 - Learning to Map for Active Semantic Goal Navigation.pdf,260918/Georgakis 등 - 2022 - Learning to Map for Active Semantic Goal Navigation.pdf,b4e878cad3c07a526e4b1b407a73d7eb0acd69de5b1e2e38a2fb3bf0da6cd1b0,Learning to Map for Active Semantic Goal Navigation,Georgios Georgakis; Bernadette Bucher; Karl Schmeckpeper; Siddharth Singh; Kostas Daniilidis,2022,ICLR 2022,"arXiv v2, 2022-03-08",PASS,"RGB-D 기반 semantic map과 uncertainty를 이용한 object-goal navigation 연구다. 접촉 조작, tactile/F/T 또는 조작 중 물체 정보 보완을 다루지 않아 PASS.",Not applicable,passed,19,Not applicable,선택 파일 1개; 다른 버전 미검토,"RGB-D 기반 semantic map과 uncertainty를 이용한 object-goal navigation 연구다. 접촉 조작, tactile/F/T 또는 조작 중 물체 정보 보완을 다루지 않아 PASS.",Not stated,2106.15648v2,"Title/Abstract/§1, PDF p.1; §3 Approach/§3.1, p.3",Title/abstract/introduction 및 RGB-D mapping/navigation pipeline을 screening; PASS 후 상세 분석 없음.,Research paper,22
B023,Han 및 Kim - 2023 - Proprioceptive Sensor-Based Simultaneous Multi-Contact Point Localization and Force Identification f.pdf,260918/Han 및 Kim - 2023 - Proprioceptive Sensor-Based Simultaneous Multi-Contact Point Localization and Force Identification f.pdf,bd15b5edddee5ad6286c6e43e39c089ba0ceae9072a3d27effa9c78ad08cb9b0,Proprioceptive Sensor-Based Simultaneous Multi-Contact Point Localization and Force Identification for Robotic Arms,Seo Wook Han; Min Jun Kim,2023,Not stated (arXiv preprint),arXiv v1; 7 March 2023,Relevant,Not applicable,papers/2023-han-proprioceptive-multi-contact-localization.md,completed,7,Not applicable,선택 파일 1개; 실제 읽은 PDF 버전 기준,"조작 정책은 아니지만 joint torque와 base F/T를 이용한 접촉점·접촉력 추정의 성립 조건과 모호성을 직접 분석한다. Robot surface mesh, dynamics, 순차적 점 접촉 등의 추가 제약을 요구하며 base F/T를 더해도 singularity가 남는 실패 사례를 제시한다.",Not stated,2303.03903v1,"Abstract/§I–II, pp.1–3",본문 pp.1–6을 읽고 Table I–III와 Fig.5–6를 렌더 확인했다. p.7은 참고문헌; 관련 appendix 없음.,Research paper,23
B024,Handa 등 - 2020 - DexPilot Vision-Based Teleoperation of Dexterous Robotic Hand-Arm System.pdf,260918/Handa 등 - 2020 - DexPilot Vision-Based Teleoperation of Dexterous Robotic Hand-Arm System.pdf,5f770721c6bd8a076083aa80e0e751832bd23f0a8eff867baeaf41ac95c6f8ff,DexPilot: Vision-Based Teleoperation of Dexterous Robotic Hand-Arm System,Ankur Handa; Karl Van Wyk; Wei Yang; Jacky Liang; Yu-Wei Chao; Qian Wan; Stan Birchfield; Nathan Ratliff; Dieter Fox,2020,ICRA 2020,Publisher version,PASS,"시각으로 사람 손을 추적해 retargeting하는 teleoperation 연구다. BioTac은 장착·데이터 수집용으로 설명되지만 실행은 촉각 피드백 없이 사람의 시각·공간 추론에 의존하며, tactile/F/T 정보 보완 구조를 검증하지 않아 PASS.",Not applicable,passed,7,Not applicable,선택 파일 1개; 다른 버전 미검토,"시각으로 사람 손을 추적해 retargeting하는 teleoperation 연구다. BioTac은 장착·데이터 수집용으로 설명되지만 실행은 촉각 피드백 없이 사람의 시각·공간 추론에 의존하며, tactile/F/T 정보 보완 구조를 검증하지 않아 PASS.",Not stated,Not stated,"Title/Abstract/§I, PDF p.1; §III Hardware/§IV Architecture, p.2",Title/abstract/introduction·하드웨어·method/input pipeline까지 확인. BioTac 장착을 tactile feedback 사용으로 오인하지 않음; 상세 노트 없음.,Research paper,24
B025,Hansen 등 - 2022 - Visuotactile-RL Learning Multimodal Manipulation Policies with Deep Reinforcement Learning.pdf,260918/Hansen 등 - 2022 - Visuotactile-RL Learning Multimodal Manipulation Policies with Deep Reinforcement Learning.pdf,158c8174d4647386453f85cd6eb790d810331502b747cd06e078b538f95b270a,Visuotactile-RL: Learning Multimodal Manipulation Policies with Deep Reinforcement Learning,Johanna Hansen; Francois Hogan; Dmitriy Rivkin; David Meger; Michael Jenkin; Gregory Dudek,2022,"IEEE ICRA 2022, pp.8298–8304",IEEE publisher version,Relevant,Not applicable,papers/2022-hansen-visuotactile-rl.md,completed,7,Not applicable,선택 파일 1개; 실제 읽은 PDF 버전 기준,시각·촉각·proprioception 조합과 tactile gate/augmentation을 비교하여 각 modality가 어떤 조건에서 유용한지 조사한다. Binary contact gate는 존재하지만 촉각 자체는 연속 depth image여서 축약 촉각과 혼동하지 않아야 한다. 시각 교란 및 물성 변화 실험이 추가 센서 역할의 근거를 제공한다.,10.1109/ICRA46639.2022.9812019,Not stated,"Abstract/§I/§IV–V, pp.1–5",본문 pp.1–6을 읽고 핵심 Table I를 렌더 확인했다. p.7은 참고문헌; 관련 appendix 없음.,Research paper,25
B026,Heins 및 Schoellig - 2024 - Force Push Robust Single-Point Pushing With Force Feedback.pdf,260918/Heins 및 Schoellig - 2024 - Force Push Robust Single-Point Pushing With Force Feedback.pdf,93c06694fda20a300d07bb12d3cee8ae06a5edfcc724ccf40ad9fa5410a1f6a7,Force Push: Robust Single-Point Pushing With Force Feedback,Adam Heins; Angela P. Schoellig,2024,"IEEE Robotics and Automation Letters 9(8), pp.6856–6863",IEEE publisher version; published13June2024; August2024 issue,Relevant,Not applicable,papers/2024-heins-force-push.md,completed,8,Not applicable,선택 파일 1개; 실제 읽은 PDF 버전 기준,"Current object pose와 물체 모델 없이 wrist F/T planar force로 single-point pushing을 제어한다. 다만 robot localization, EEF상 알려진 contact point, approximate initial object position, convex·quasistatic 단일 물체라는 제약이 있으므로 force-only라는 표현의 범위를 정확히 분리할 수 있다.",10.1109/LRA.2024.3414180,Not stated,"Abstract/§I/§III, pp.1–2",본문 pp.1–8을 읽고 Fig.12–14의 실물 trajectory/비교/force trace를 렌더 확인했다. PDF 밖 영상은 분석 근거로 사용하지 않았다.,Research paper,26
B027,Higuera 등 - 2023 - Perceiving Extrinsic Contacts from Touch Improves Learning Insertion Policies.pdf,260918/Higuera 등 - 2023 - Perceiving Extrinsic Contacts from Touch Improves Learning Insertion Policies.pdf,86e13b38ca1a51b689e4193ce0b973c33585487dc9bb0ba79ab87427dee22467,Perceiving Extrinsic Contacts from Touch Improves Learning Insertion Policies,Carolina Higuera; Joseph Ortiz; Haozhi Qi; Luis Pineda; Byron Boots; Mustafa Mukadam,2023,Not stated (arXiv preprint),arXiv v1;28September2023,Relevant,Not applicable,papers/2023-higuera-extrinsic-contacts-insertion.md,completed,7,Not applicable,선택 파일 1개; 실제 읽은 PDF 버전 기준,"손가락–물체 tactile image를 외부 물체–환경 contact patch로 바꾸고 PPO policy에 제공한다. Proprio-only, tactile embedding, estimated patch, GT patch를 비교하므로 축약 표현의 역할과 geometry/grasp prior, training-only GT를 분석하는 데 직접 유용하다.",Not stated,2309.16652v1,"Abstract/§I/§III/V, pp.1–4",본문 pp.1–6을 읽고 Fig.5–8의 policy learning/evaluation 그래프를 렌더 확인했다. p.7은 참고문헌; 관련 appendix 없음.,Research paper,27
B028,Hu 등 - 2025 - Dexterous in-hand manipulation of slender cylindrical objects through deep reinforcement learning wi.pdf,260918/Hu 등 - 2025 - Dexterous in-hand manipulation of slender cylindrical objects through deep reinforcement learning wi.pdf,7c246d3600450a13c5244e4e95412e864b5e3f7ea4173b40d4d9334e587b3e0c,Dexterous in-hand manipulation of slender cylindrical objects through deep reinforcement learning with tactile sensing,Wenbin Hu; Bidan Huang; Wang Wei Lee; Sicheng Yang; Yu Zheng; Zhibin Li,2025,Robotics and Autonomous Systems 186 (2025) 104904,Elsevier published article; available online 30 December 2024,Relevant,Not applicable,papers/2025-hu-tactile-slender-in-hand-manipulation.md,completed,9,Not applicable,선택 파일 1개; 실제 읽은 PDF 버전 기준,"세 손가락의 384개 piezoresistive taxel을 Boolean contact로 바꾼 뒤 손가락별 3D contact-center, 즉 9차원으로 축약하여 PPO actor에 제공한다. Contact center, 3-bit finger contact, raw tactile, GT object pose 조합을 같은 network 규모에서 비교하므로 축약 tactile의 정보 보존·손실, proprioception 보완, training-only GT 경계를 직접 분석할 수 있다.",10.1016/j.robot.2024.104904,미명시,"Abstract/§1/§3–4/§6, PDF pp.1–7","PDF 9쪽 전체를 읽었다. Fig. 2–3의 hand·taxel 배치, Table 1과 Fig. 7–9의 simulation 결과, Fig. 10–12의 tactile sim-to-real·실물 시연, 결론의 Future Work를 렌더링해 확인했다.",Research paper,28
B029,implicitDrives.pdf,260918/implicitDrives.pdf,da83a96c5be85410efd69cdfe9c07f134d37c41931172bfd76be9b8272390846,Implicit Spring Joint Drives,PhysX Team,2024,Not applicable,Technical document dated 2024-04-23,PASS,"PhysX implicit PD joint drive와 solver의 수치 구현을 설명하는 기술문서다. Manipulation의 sensing 정보, tactile/F/T 보완 또는 접촉 추정 연구가 아니므로 PASS.",Not applicable,passed,7,Not applicable,선택 파일 1개; 다른 버전 미검토,"PhysX implicit PD joint drive와 solver의 수치 구현을 설명하는 기술문서다. Manipulation의 sensing 정보, tactile/F/T 보완 또는 접촉 추정 연구가 아니므로 PASS.",Not stated,Not stated,"Title/date/Definitions, PDF p.1; PGS/TGS solver headings, pp.2–7",제목·정의·문서 범위를 확인한 screening. 기술문서로 분류하고 상세 조작 분석에서 제외.,Technical documentation (non-paper),29
B030,Kang 등 - 2025 - Robotic Compliant Object Prying Using Diffusion Policy Guided by Vision and Force Observations.pdf,260918/Kang 등 - 2025 - Robotic Compliant Object Prying Using Diffusion Policy Guided by Vision and Force Observations.pdf,c7950f1c65a6e981ec170fe08cd13783116924de765b8d0b930cf3dd204f72c6,Robotic Compliant Object Prying Using Diffusion Policy Guided by Vision and Force Observations,Jeon Ho Kang; Sagar Joshi; Ruopeng Huang; Satyandra K. Gupta,2025,IEEE Robotics and Automation Letters (accepted March 2025; preprint),"arXiv v2, 18 March 2025; IEEE RA-L accepted preprint",Relevant,Not applicable,papers/2025-kang-compliant-object-prying-vision-force.md,completed,8,Not applicable,선택 파일 1개; 실제 읽은 PDF 버전 기준,"KUKA의 end-effector-frame 3축 force, wrist RGB, EEF state를 diffusion policy에 결합하고 vision-only·naive force concatenation·projected force·cross-attention fusion을 각각 120회 비교한다. 현재 vision을 계속 사용하고 tactile은 없지만, 저차원 force가 고차원 vision에 묻히는 문제와 contact mode 전환에서 force가 제공하는 정보를 직접 검증하므로 F/T 역할·표현·sensor-fusion 질문에 직접 유용하다.",미명시,2503.03998v2,"Abstract/§III–IV/§VI, PDF pp.1–7","PDF 8쪽 전체를 읽었다. Fig. 3의 force–vision cross-attention 구조, Fig. 4–5의 물체·prying 단계, Fig. 6–9와 Table I의 시간·힘·성공률·실패 사례를 렌더링해 확인했다. p.8은 참고문헌이다.",Research paper,30
B031,Khatib - 1987 - A unified approach for motion and force control of robot manipulators The operational space formula 1.pdf,260918/Khatib - 1987 - A unified approach for motion and force control of robot manipulators The operational space formula 1.pdf,362ffdee671c0a480f2e90346c4d812e52a74853da8618f4a43b59bffbd9bab0,A Unified Approach for Motion and Force Control of Robot Manipulators: The Operational Space Formulation,Oussama Khatib,1987,"IEEE Journal of Robotics and Automation RA-3(1), 43–53",Korean translated/reformatted PDF; translator/publication status Not stated,duplicate,Not applicable,papers/1987-khatib-operational-space-motion-force.md,duplicate,17,B032,"Same title/author/year, §I–IX structure and references as B032; 17p Korean translation/reformat. Publisher original B032 selected; no independent method/result version identified.","운동/힘 제어를 성립시키는 known constraint direction, task frame, robot dynamics와 force feedback의 역할을 명시하는 기초 제어 연구다. F/T만으로 contact geometry를 복원하는 방법이 아니므로, force control과 contact inference를 구분하기 위한 근거로 포함한다. Tactile 축약 및 modality ablation은 다루지 않는다.",Not stated,Not stated,"B031 pp.1,17 and section structure; B032 pp.1–11","Duplicate screening: title/author/structure, first page rendered, last references p.17; English original B032 fully analysed.",Research paper,31
B032,Khatib - 1987 - A unified approach for motion and force control of robot manipulators The operational space formula.pdf,260918/Khatib - 1987 - A unified approach for motion and force control of robot manipulators The operational space formula.pdf,7c4f6a6918e0a1a4b9f40f27fb605410e7274609e7f38666bfa8979158dd61a4,A Unified Approach for Motion and Force Control of Robot Manipulators: The Operational Space Formulation,Oussama Khatib,1987,"IEEE Journal of Robotics and Automation RA-3(1), 43–53",English publisher PDF,Partially Relevant,Not applicable,papers/1987-khatib-operational-space-motion-force.md,completed,11,Not applicable,B031은 같은 논문의 한국어 번역형 17p이며 번역자/공식성 미명시. 원문 publisher B032(11p)를 대표 근거로 사용; 별도 논문으로 세지 않음.,"운동/힘 제어를 성립시키는 known constraint direction, task frame, robot dynamics와 force feedback의 역할을 명시하는 기초 제어 연구다. F/T만으로 contact geometry를 복원하는 방법이 아니므로, force control과 contact inference를 구분하기 위한 근거로 포함한다. Tactile 축약 및 modality ablation은 다루지 않는다.",Not stated,Not stated,"Abstract/§I–II, pp.1–3; §V and Fig.3, pp.6–7","영문 PDF pp.1–11 전체(본문·수식·토론·참고문헌), Fig.3 제어 구조 렌더 확인. B031은 제목·구조·마지막 참고문헌을 비교해 번역형 중복으로 확인; 분석 근거로 사용하지 않음.",Research paper,32
B033,Kim 등 - 2023 - Pre-and Post-Contact Policy Decomposition for Non-Prehensile Manipulation with Zero-Shot Sim-To-Real.pdf,260918/Kim 등 - 2023 - Pre-and Post-Contact Policy Decomposition for Non-Prehensile Manipulation with Zero-Shot Sim-To-Real.pdf,5143c8df90534fe6e6f15feb357bbff8e1a90988e5a737a345d71f5b178e7da7,Pre- and Post-Contact Policy Decomposition for Non-Prehensile Manipulation with Zero-Shot Sim-To-Real Transfer,Minchan Kim; Junhyek Han; Jaehyung Kim; Beomjoon Kim,2023,"IEEE/RSJ IROS 2023, 10644–10651",Publisher PDF,Partially Relevant,Not applicable,papers/2023-kim-pre-post-contact-sim-to-real.md,completed,8,Not applicable,선택 범위 내 다른 버전 없음,Tactile/F/T 연구는 아니지만 접촉 조작에서 simulator 3D pose/shape를 쓰는 teacher와 실행 시 RGB keypoint를 쓰는 student의 정보 차이를 명시한다. 지속적인 시각 pose 정보가 있는 방법과 blind contact feedback을 비교하고 training-only object information을 분리하는 데 유용하다. Sensor compensation의 촉각 근거로 사용하지 않는다.,10.1109/IROS55552.2023.10341657,Not stated,"§I/III, pp.2–5; Fig.3 p.5","PDF pp.1–8 전체(본문·실험·한계·참고문헌), Fig.5/Table III p.7 렌더 확인. 별도 부록 없음.",Research paper,33
B034,Kim 등 - 2025 - TRAN-D 2D Gaussian Splatting-based Sparse-view Transparent Object Depth Reconstruction via Physics.pdf,260918/Kim 등 - 2025 - TRAN-D 2D Gaussian Splatting-based Sparse-view Transparent Object Depth Reconstruction via Physics.pdf,ca8ffb830658552cd47e3788bd9f4c6abea546439eb7c333c0cd9c9d7e1dd8d4,TRAN-D: 2D Gaussian Splatting-based Sparse-view Transparent Object Depth Reconstruction via Physics Simulation for Scene Update,Jeongyun Kim; Seunghoon Jeong; Giseop Kim; Myung-Hwan Jeon; Eunji Jun; Ayoung Kim,2025,Not stated,"arXiv:2507.11069v3, 26 August 2025",PASS,Sparse-view RGB 기반 투명물체 depth reconstruction 및 physics-based scene update 연구다. Contact/tactile/F/T feedback으로 manipulation 중 부족한 정보를 보완하는 policy·estimator를 다루지 않아 PASS.,Not applicable,passed,13,Not applicable,선택 배치 안 동일 논문 다른 버전 없음,현재 조사 질문의 contact sensing 보완 구조와 직접 연결되지 않는 perception 연구.,Not stated,2507.11069v3,"Title/Abstract/§1, p.1; §3 overview and Fig.2, p.3","Screening: title/abstract/introduction, method overview 및 observation inputs (§3, p.3). 상세 분석하지 않음.",Research paper,34
B035,Koval 등 - Pre- and Post-Contact Policy Decomposition for Planar Contact Manipulation Under Uncertainty.pdf,260918/Koval 등 - Pre- and Post-Contact Policy Decomposition for Planar Contact Manipulation Under Uncertainty.pdf,6f712f0f2dc6166cbf3dbcee616089ebec24000f4094458708e5e69d243a5c32,Pre- and Post-Contact Policy Decomposition for Planar Contact Manipulation Under Uncertainty,Michael C. Koval; Nancy S. Pollard; Siddhartha S. Srinivasa,Not stated,Not stated,Author-formatted PDF; publication/version identifier Not stated,Relevant,Not applicable,papers/undated-koval-contact-policy-decomposition.md,completed,9,Not applicable,원문에 publication year/venue/DOI/version 표시가 없어 미명시. 파일명에도 연도 없음; undated identifier 사용.,"Binary contact만으로 불확실한 object pose를 다루는 closed-loop pushing 연구다. Initial belief, known geometry, quasi-static transition model, contact-manifold particle filter가 축약 sensing을 보완하는 구조를 명시한다. Sparse fingertip sensing에서 information-gathering policy의 필요성을 비교한다.",Not stated,Not stated,"Abstract/§I, pp.1–2; §III-A, p.3; §V-A, p.6",PDF pp.1–9 전체: 방법·정리/오차 bound·실험·한계/향후 연구·참고문헌. Fig.5–6 p.7 렌더 확인. 별도 부록 없음.,Research paper,35
B036,Lach 등 - 2024 - Zero-Shot Transfer of a Tactile-based Continuous Force Control Policy from Simulation to Robot.pdf,260918/Lach 등 - 2024 - Zero-Shot Transfer of a Tactile-based Continuous Force Control Policy from Simulation to Robot.pdf,0a6faf3649135e59037c359ec6c4e82f0869da075c10d0b895f26920c18f5854,Zero-Shot Transfer of a Tactile-based Continuous Force Control Policy from Simulation to Robot,Luca Lach; Robert Haschke; Davide Tateo; Jan Peters; Helge Ritter; Júlia Borràs; Carme Torras,2024,"IEEE/RSJ IROS 2024, 725–732",Publisher PDF,Relevant,Not applicable,papers/2024-lach-continuous-force-control.md,completed,8,Not applicable,선택 범위 내 다른 버전 없음,"두 손가락의 연속 normal-force와 position/history만으로 unknown object compliance 및 offset에 대응하는 force-control policy다. 힘의 크기를 보존하는 scalar tactile, binary contact-memory, proprioception의 역할을 구분할 수 있다. Reward의 object velocity와 실행 입력도 명확히 분리된다.",10.1109/IROS58592.2024.10802386,Not stated,"Abstract, p.1; §IV-A–C, pp.4–5","PDF pp.1–8 전체(본문·실험·결론·참고문헌), Fig.6/7 및 Table II p.6 렌더 확인. 별도 부록 없음.",Research paper,36
B037,Lang 등 - 2025 - VDTF-ACT ACT-based Multimodal Space Fine Manipulation Method with Visual Depth Tactile Fusion.pdf,260918/Lang 등 - 2025 - VDTF-ACT ACT-based Multimodal Space Fine Manipulation Method with Visual Depth Tactile Fusion.pdf,b2a853f00e404205c401f93f4c9f1a9948347d90e12dc6a214feb309cbf88f1d,VDTF-ACT: ACT-based Multimodal Space Fine Manipulation Method with Visual Depth Tactile Fusion,Siyi Lang; Jihang Chen; Bo Zhang; Hanlin Dong; Panfeng Huang; Zhiqiang Ma,2025,"IEEE/RSJ IROS 2025, 1511–1517",Publisher PDF,Relevant,Not applicable,papers/2025-lang-vdtf-act.md,completed,7,Not applicable,선택 범위 내 다른 버전 없음,Low-gravity insertion에서 vision/depth와 distributed force tactile을 결합하며 tactile encoder를 비교한다. Tactile가 object–gripper relative motion에 대한 feedback을 제공한다는 저자 설명과 실제 비교 범위를 분리해 정리할 수 있다. Depth와 tactile을 함께 추가한 비교이므로 각 modality의 독립적 기여를 과장하지 않는다.,10.1109/IROS60139.2025.11246342,Not stated,Abstract p.1; §IV pp.3–5; §V-D p.6,"PDF pp.1–7 전체(본문·알고리즘·실험·결론·참고문헌), Fig.5 p.6 렌더 확인. 별도 부록 없음.",Research paper,37
B038,Lee 등 - 2024 - DexTouch Learning to Seek and Manipulate Objects With Tactile Dexterity (2).pdf,260918/Lee 등 - 2024 - DexTouch Learning to Seek and Manipulate Objects With Tactile Dexterity (2).pdf,cf9edbb075ea6bbdf55845cf692642ea9dc39f9747589b16683ea087058a117d,DexTouch: Learning to Seek and Manipulate Objects With Tactile Dexterity,Kang-Won Lee; Yuzhe Qin; Xiaolong Wang; Soo-Chul Lim,2024,"IEEE Robotics and Automation Letters 9(12), 10772–10779",Publisher PDF; current version 21 October 2024,Relevant,Not applicable,papers/2024-lee-dextouch.md,completed,8,Not applicable,"B038/B039는 SHA가 다르지만 동일 DOI/본문/표를 가진 publisher copies. 다운로드 footer를 제거한 text가 완전히 일치. B038 대표, B039 duplicate.",16-channel Binary tactile로 vision 없는 grasp/door/valve manipulation을 수행하며 current object pose가 없는 actor와 object GT를 받는 critic을 명시적으로 분리한다. Sensor 제거·민감도·배치·wrist F/T 대체 비교가 있어 reduced tactile 및 F/T의 실제 역할을 비교하는 직접 근거다. Binary tactile와 F/T를 함께 넣은 실험은 아니다.,10.1109/LRA.2024.3478571,Not stated,"Abstract/§I, p.1; §III–IV, pp.2–5; §V-C–D, p.6","B038 PDF pp.1–8 전체(related work, methods, rewards, training, all experiments/conclusion/references). Fig.5 및 Table II–III를 확대 렌더로 확인. B039는 전 페이지 text를 footer 제외 비교하여 동일 본문 확인.",Research paper,38
B039,Lee 등 - 2024 - DexTouch Learning to Seek and Manipulate Objects With Tactile Dexterity.pdf,260918/Lee 등 - 2024 - DexTouch Learning to Seek and Manipulate Objects With Tactile Dexterity.pdf,1acdf1b6ca87db993050706032e60df71836c4675e02151219acff3a6fdb863a,DexTouch: Learning to Seek and Manipulate Objects With Tactile Dexterity,Kang-Won Lee; Yuzhe Qin; Xiaolong Wang; Soo-Chul Lim,2024,"IEEE Robotics and Automation Letters 9(12), 10772–10779",Publisher PDF; current version 21 October 2024,duplicate,Not applicable,papers/2024-lee-dextouch.md,duplicate,8,B038,Same DOI/publisher version as B038. Entire extracted body identical after removing download footer; SHA differs. No method/result changes.,16-channel Binary tactile로 vision 없는 grasp/door/valve manipulation을 수행하며 current object pose가 없는 actor와 object GT를 받는 critic을 명시적으로 분리한다. Sensor 제거·민감도·배치·wrist F/T 대체 비교가 있어 reduced tactile 및 F/T의 실제 역할을 비교하는 직접 근거다. Binary tactile와 F/T를 함께 넣은 실험은 아니다.,10.1109/LRA.2024.3478571,Not stated,"Abstract/§I, p.1; §III–IV, pp.2–5; §V-C–D, p.6",Duplicate comparison: all pages text compared with B038 excluding download footer; B038 fully read and figures/tables inspected.,Research paper,39
B040,Lee 등 - 2025 - Progressive Policy Learning A Hierarchical Framework for Dexterous Bimanual Manipulation.pdf,260918/Lee 등 - 2025 - Progressive Policy Learning A Hierarchical Framework for Dexterous Bimanual Manipulation.pdf,40965d06e240b0cc50077cf2deebae06c09164a6b7fd7a320b23bab14f23294a,Progressive Policy Learning: A Hierarchical Framework for Dexterous Bimanual Manipulation,Kang-Won Lee; Jung-Woo Lee; Seongyong Kim; Soo-Chul Lim,2025,"Mathematics 13(22), 3585",Publisher open-access PDF; published 8 November 2025,Partially Relevant,Not applicable,papers/2025-lee-progressive-policy-learning.md,completed,18,Not applicable,선택 범위 내 다른 버전 없음,"두 손의 cube grasp-and-rotate RL을 실행 중 RGB-D/ArUco로 갱신되는 cube body/layer pose와 keypoint에 의존해 수행하며 tactile/F/T observation은 없다. 다만 measured wrench가 아닌 외력 disturbance와 접촉 sensing을 분리하고, 저자가 vision-centric state estimation의 physical-interaction 정보 부재를 실물 실패 원인으로 명시해 tactile-vision fusion을 후속 과제로 제시한다. 따라서 제한 sensing 정책의 직접 근거가 아니라 current-pose vision 및 미관측 접촉의 비교군으로 포함한다.",10.3390/math13223585,Not stated,"Abstract/§3.1–3.2, PDF pp.1,4–8; §4.4–5, pp.13–16","PDF pp.1–18 전체(본문, 수식, 표·그림, 결론, 참고문헌). Fig.5/Table 2의 비교 수치를 렌더 확인. 별도 Video S1은 확인하지 않음.",Research paper,40
B041,Liang 등 - 2020 - In-Hand Object Pose Tracking via Contact Feedback and GPU-Accelerated Robotic Simulation.pdf,260918/Liang 등 - 2020 - In-Hand Object Pose Tracking via Contact Feedback and GPU-Accelerated Robotic Simulation.pdf,52e13e7a78ceab0d86ebd0b7b5f4b0b7137c52cd79f9330d774df98dc96b4313,In-Hand Object Pose Tracking via Contact Feedback and GPU-Accelerated Robotic Simulation,Jacky Liang; Ankur Handa; Karl Van Wyk; Viktor Makoviychuk; Oliver Kroemer; Dieter Fox,2020,"2020 IEEE International Conference on Robotics and Automation (ICRA), 6203–6209",IEEE conference publisher PDF,Relevant,Not applicable,papers/2020-liang-in-hand-object-pose-tracking.md,completed,7,Not applicable,선택 범위 내 다른 버전 없음; PDF에 DOI는 명시되지 않음,"초기 vision pose 이후 조작 중 vision 없이 fingertip BioTac에서 추정한 3D contact-force vectors와 robot state/history를 physics simulations에 대조해 6D in-hand object pose를 30 Hz로 추적한다. Wrist wrench가 아니라 tactile-derived force이며, known sensor pose·object mesh·initial visual belief·forward dynamics 가정을 요구하고 banana slippage에서 모든 hypotheses가 발산하면 회복하지 못하는 한계를 직접 보여 준다.",Not stated,Not stated,"Abstract/§I, PDF pp.1–2; §III, pp.2–5; §IV–V, pp.5–6","PDF pp.1–7 전체(본문, Algorithm 1, Fig.2–4, 결론, 참고문헌). Fig.3–4의 contact ablation과 real failure를 렌더 확인. 별도 supplement 없음.",Research paper,41
B042,Liang 등 - 2023 - Code as Policies Language Model Programs for Embodied Control.pdf,260918/Liang 등 - 2023 - Code as Policies Language Model Programs for Embodied Control.pdf,e36857fa13746da031444ec59549e61204ca92d599b1d048ac1c55aaf1f6d0a3,Code as Policies: Language Model Programs for Embodied Control,Jacky Liang; Wenlong Huang; Fei Xia; Peng Xu; Karol Hausman; Brian Ichter; Pete Florence; Andy Zeng,2023,Not stated,"arXiv:2209.07753v4, 25 May 2023",PASS,언어모델의 robot policy code 생성 연구이며 tactile/F/T compensation을 분석하지 않는다. Appendix F의 impedance 예제도 current EEF position/velocity·Jacobian으로 joint torque를 생성하며 force/contact sensing 입력을 사용하지 않아 PASS.,Not applicable,passed,16,Not applicable,2022 arXiv ID이나 이 PDF version date는 2023. Venue는 PDF 미명시,일반 visual/perception API와 controller code synthesis의 연구로 현재 Review 질문의 실질적 sensor evidence가 없음.,Not stated,2209.07753v4,"Abstract/§I, p.1; §III-D, p.5; Appendix F, pp.11–12","Screening: abstract/introduction, methodology/perception-control overview, Appendix F impedance example 및 입력 확인. 상세 분석하지 않음.",Research paper,42
B043,Lin 등 - 2022 - Tactile Gym 2.0 Sim-to-Real Deep Reinforcement Learning for Comparing Low-Cost High-Resolution Robo.pdf,260918/Lin 등 - 2022 - Tactile Gym 2.0 Sim-to-Real Deep Reinforcement Learning for Comparing Low-Cost High-Resolution Robo.pdf,e2d99c8f078d3c46b3f3032a2fc5c1c2bb319804de050bfa13cb62fccad0761b,Tactile Gym 2.0: Sim-to-Real Deep Reinforcement Learning for Comparing Low-Cost High-Resolution Robot Touch,Yijiong Lin; John Lloyd; Alex Church; Nathan F. Lepora,2022,"IEEE Robotics and Automation Letters 7(4), 10754–10761",IEEE publisher PDF; current version 9 August 2022,Relevant,Not applicable,papers/2022-lin-tactile-gym-2.md,completed,8,Not applicable,선택 범위 내 다른 버전 없음,"TacTip, DIGIT, DigiTac의 optical tactile image를 동일 sim-to-real PPO framework에 넣어 object pushing·edge following·surface following을 실물에서 비교한다. Current object pose는 policy 입력으로 보고되지 않고 ArUco/CAD는 평가 GT에 쓰이며, sensor 구조·stiffness·contact deformation이 약한 물체와 concave surface 실패를 좌우한다. 다만 세 sensor 모두 tactile을 사용해 no-tactile/FT baseline은 없다.",10.1109/LRA.2022.3195195,Not stated,"Abstract/§III-B–F, PDF pp.1–5; §IV–V, pp.5–8","PDF pp.1–8 전체(본문, Tables I–VII, Figs.1–7, discussion, 참고문헌). p.6 Table IV–V와 pushing failure를 렌더 확인. 별도 supplement/video는 확인하지 않음.",Research paper,43
B044,Lin 등 - 2023 - Attention for Robot Touch Tactile Saliency Prediction for Robust Sim-to-Real Tactile Control.pdf,260918/Lin 등 - 2023 - Attention for Robot Touch Tactile Saliency Prediction for Robust Sim-to-Real Tactile Control.pdf,806a84c298a9045f891ef497c4605430841524753a285b7f65dcad9ca5405690,Attention for Robot Touch: Tactile Saliency Prediction for Robust Sim-to-Real Tactile Control,Yijiong Lin; Mauro Comi; Alex Church; Dandan Zhang; Nathan F. Lepora,2023,"2023 IEEE/RSJ International Conference on Intelligent Robots and Systems (IROS), 10806–10812",IEEE conference publisher PDF,Relevant,Not applicable,papers/2023-lin-tactile-saliency.md,completed,7,Not applicable,선택 범위 내 다른 버전 없음,"단일 TacTip image에 target edge와 distractor contacts가 함께 나타날 때 contact-depth map과 saliency map으로 target contact만 분리하고, tactile pose PID와 image-based deep-RL controller 모두의 실물 edge-following failure를 복구한다. Net F/T가 아니라 spatial tactile image를 사용해 multi-contact ambiguity를 줄이는 직접 사례이며, current global object pose·scene vision 없이 local target-contact pose/shape를 보완한다.",10.1109/IROS55552.2023.10341888,Not stated,"Abstract/§I, PDF p.1; §III, pp.2–4; §IV-C–V, pp.5–7","PDF pp.1–7 전체(방법 수식, Tables I–II, Figs.1–6, discussion/future, 참고문헌). pp.5–6의 pose/control 비교표와 pipeline을 렌더 확인. Project page와 supplement는 확인하지 않음.",Research paper,44
B045,Lin 등 - 2023 - Bi-Touch Bimanual Tactile Manipulation With Sim-to-Real Deep Reinforcement Learning.pdf,260918/Lin 등 - 2023 - Bi-Touch Bimanual Tactile Manipulation With Sim-to-Real Deep Reinforcement Learning.pdf,74151c1505e6d62d406005739cb859791a5e63f9a120ec254aa0a183a6e47f99,Bi-Touch: Bimanual Tactile Manipulation With Sim-to-Real Deep Reinforcement Learning,Yijiong Lin; Alex Church; Max Yang; Haoran Li; John Lloyd; Dandan Zhang; Nathan F. Lepora,2023,"IEEE Robotics and Automation Letters 8(9), 5472–5479",IEEE publisher PDF; current version 24 July 2023,Relevant,Not applicable,papers/2023-lin-bi-touch.md,completed,8,Not applicable,선택 범위 내 다른 버전 없음,"두 TacTip optical tactile image와 proprioception만으로 bi-pushing·bi-reorienting·bi-gathering PPO policies를 학습·실물 전이한다. Simulator object pose와 goals는 reward·curriculum에 쓰지만 실물 actor에는 object pose가 없고, ArUco는 정량 평가에만 쓴다고 명시한다. F/T 입력은 없으며 random force는 disturbance다.",10.1109/LRA.2023.3295991,Not stated,"Abstract/§III-B–C, PDF pp.1,3–5; §IV–V, pp.5–8; Fig.7 caption, p.7","PDF pp.1–8 전체(본문, Eqs.1–4, Tables I–III, Figs.1–7, discussion/future work, 참고문헌). pp.5–7의 학습 곡선·정량표·ArUco 설명을 렌더 확인. Supplementary video는 확인하지 않음.",Research paper,45
B046,Liu 등 - 2024 - Tactile Active Inference Reinforcement Learning for Efficient Robotic Manipulation Skill Acquisition.pdf,260918/Liu 등 - 2024 - Tactile Active Inference Reinforcement Learning for Efficient Robotic Manipulation Skill Acquisition.pdf,3fbd7187e4c38f2304ea421fe7979f896e82a815fee4f5cd11a811e3f4f7d8fc,Tactile Active Inference Reinforcement Learning for Efficient Robotic Manipulation Skill Acquisition,Zihao Liu; Xing Liu; Yizhai Zhang; Zhengxiong Liu; Panfeng Huang,2024,"2024 IEEE/RSJ International Conference on Intelligent Robots and Systems (IROS), 10884–10889",Publisher,Relevant,Not applicable,papers/2024-liu-tactile-active-inference.md,completed,6,Not applicable,Selected PDF version only; no alternate version comparison,"고해상도 tactile image를 접촉 중심·강도·optical-flow entropy로 축약하고 로봇/물체 상태와 결합하는 연구다. Sim pushing과 real screwing에서 object 정보 조건이 크게 달라 이를 분리해야 한다. 특히 tactile 없는 AIRL 비교와, nut angle GT 대신 tactile entropy를 reward로 쓰는 구조가 조사 질문에 직접 대응한다.",10.1109/IROS58592.2024.10802750,Not stated,"Abstract/§I, p.1; §III-B–IV-B, pp.3–5","PDF pp.1–6 전체(참고문헌 포함), 별도 Appendix 없음; pp.4–5 그림·수식·결과 그래프 렌더 확인. 외부 코드/영상은 확인하지 않음.",Research paper,46
B047,Liu 등 - 2025 - FACTR Force-Attending Curriculum Training for Contact-Rich Policy Learning.pdf,260918/Liu 등 - 2025 - FACTR Force-Attending Curriculum Training for Contact-Rich Policy Learning.pdf,8d59e64b4e599f6cbb67096647f546b28fccca5ceaa7ef86df8500fbc3c4fcab,FACTR: Force-Attending Curriculum Training for Contact-Rich Policy Learning,Jason Jingzhou Liu; Yulong Li; Kenneth Shaw; Tony Tao; Ruslan Salakhutdinov; Deepak Pathak,2025,Not stated (arXiv preprint),"arXiv v2, 2025-04-24",Relevant,Not applicable,papers/2025-liu-factr.md,completed,15,Not applicable,Selected PDF version only; no alternate version comparison,Robot external joint torque를 vision과 결합하고 force 입력을 무시하는 학습 문제를 curriculum으로 완화한다. Sensor 및 curriculum 비교가 있어 접촉 정보의 실제 추가 역할을 평가할 수 있다. 측정원은 joint torque 및 gripper current이며 wrist F/T나 distributed tactile이 아니다.,Not stated,2502.17432v2,"Title/Abstract/§I, PDF pp.1–2; §IV-A/§V-A, PDF pp.4–6","PDF pp.1–15 전체 및 Appendix VII–XII 확인; pp.9,14–15의 attention·ablation·task 결과표 렌더 확인. 외부 코드/영상 미확인.",Research paper,47
B048,Liu 등 - 2025 - FetchBot Learning Generalizable Object Fetching in Cluttered Scenes via Zero-Shot Sim2Real 1.pdf,260918/Liu 등 - 2025 - FetchBot Learning Generalizable Object Fetching in Cluttered Scenes via Zero-Shot Sim2Real 1.pdf,c64f231cbd632118f33cbaf85e3aee488ec1effb501c22deb0a314a56f43df80,FetchBot: Learning Generalizable Object Fetching in Cluttered Scenes via Zero-Shot Sim2Real,Weiheng Liu; Yuxuan Wan; Jilong Wang; Yuxuan Kuang; Wenbo Cui; Xuesong Shi; Haoran Li; Dongbin Zhao; Zhizheng Zhang; He Wang,2025,9th Conference on Robot Learning (CoRL 2025),"arXiv v2, 2025-08-24",PASS,RGB로 예측한 depth와 occupancy completion을 이용하는 vision-based fetching 연구다. Method/Observation을 확인했으나 tactile/F/T 또는 접촉 피드백의 정보 부족·역할 분담을 분석하지 않아 PASS.,Not applicable,passed,26,Not applicable,Selected arXiv v2; CoRL 2025 header on PDF p.1. No alternate version among assigned IDs.,Vision/occupancy 기반 가림 복원과 oracle distillation이 중심이며 이번 contact-sensing 질문의 직접 근거가 없음.,Not stated,2502.17894v2,"Abstract/§1, PDF pp.1–2; §3.1–3.4, PDF pp.3–5",Screening only: PDF pp.1–5 title/abstract/introduction/related work/method/observation. PASS 이후 상세 분석하지 않음.,Research paper,48
B049,Liu 등 - 2025 - ForceMimic Force-Centric Imitation Learning with Force-Motion Capture System for Contact-Rich Manip.pdf,260918/Liu 등 - 2025 - ForceMimic Force-Centric Imitation Learning with Force-Motion Capture System for Contact-Rich Manip.pdf,3d03855b800a8ca9c897a37b1766436a30d55f04e3780659d59497d27ea870f2,ForceMimic: Force-Centric Imitation Learning with Force-Motion Capture System for Contact-Rich Manipulation,Wenhai Liu; Junbo Wang; Yiming Wang; Weiming Wang; Cewu Lu,2025,"IEEE ICRA 2025, pp.1105–1112",Publisher version,Relevant,Not applicable,papers/2025-liu-forcemimic.md,completed,8,Not applicable,Selected PDF version only; no alternate version comparison,"시각 경로의 접촉 오차를 force control로 보완하는 모방학습 연구다. 특히 제안 정책의 force 출력과 저수준 force feedback을 구분하며, force를 정책 입력에 추가한 비교군이 오히려 실패하는 사례를 제시한다. Tactile 병용 연구는 아니지만 추가 센서 정보의 역할과 배포 시 입력 분포 문제에 직접 근거를 준다.",10.1109/ICRA55743.2025.11128061,Not stated,"Title/Abstract/§I–III, PDF pp.1–4","PDF pp.1–8 전체(본문 pp.1–6, 참고문헌 pp.7–8); Fig.4 및 Table I/Figs.6–7을 렌더 확인. 별도 부록 없음.",Research paper,49
B050,Liu 등 - 2025 - Learning a High-quality Robotic Wiping Policy Using Systematic Reward Analysis and Visual-Language M.pdf,260918/Liu 등 - 2025 - Learning a High-quality Robotic Wiping Policy Using Systematic Reward Analysis and Visual-Language M.pdf,dbe9a465f98a1ac28aa8dc70e8796626df1a2e3bf6aa1b360ec84aab1ec99ec9,Learning a High-quality Robotic Wiping Policy Using Systematic Reward Analysis and Visual-Language Model Based Curriculum,Yihong Liu; Dongyeop Kang; Sehoon Ha,2025,Not stated,"arXiv v1, 18 February 2025",Relevant,Not applicable,papers/2025-liu-high-quality-robotic-wiping.md,completed,7,Not applicable,Selected PDF version only; no alternate version comparison,"Blind surface wiping에서 curvature/friction을 관측하지 않고 F/T와 robot state 및 주어진 waypoint로 접촉 힘과 이동을 제어한다. 실행 시 센서 정보와 학습 중 contact/collision·waypoint 보상, VLM 영상 피드백을 구분할 수 있다. Tactile 비교가 아니라 force 기반 partial-observation manipulation 및 training-only 정보 사례로 포함한다.",Not stated,2502.12599v1,"Abstract/§I/§III-A, PDF pp.1–3","PDF pp.1–7 전체(본문 pp.1–6, 참고문헌 p.7); Table I 및 Fig.4 렌더 확인. 별도 부록 없음.",Research paper,50
B051,Lloyd 및 Lepora - 2024 - Pose-and-shear-based tactile servoing.pdf,260918/Lloyd 및 Lepora - 2024 - Pose-and-shear-based tactile servoing.pdf,dbb9876a0719e4e18e36c59234ecff5ec525f253a26ef2e2590a1f68804aea66,Pose-and-shear-based tactile servoing,John Lloyd; Nathan F. Lepora,2024,"The International Journal of Robotics Research 43(7), 1024–1055",Publisher version,Relevant,Not applicable,papers/2024-lloyd-pose-and-shear-tactile-servoing.md,completed,32,Not applicable,Selected PDF version only; no alternate version comparison,외부 vision/current whole-object pose 없이 tactile의 local pose-and-shear와 proprioception으로 surface following과 pushing을 수행한다. 특히 slip-induced tactile aliasing을 uncertainty model 및 robot kinematics 기반 Bayesian filter로 보완하고 그 효과를 비교한다. Binary marker image와 영역별 contact Boolean은 다른 표현이므로 구분해서 분석한다.,10.1177/02783649231225811,Not stated,"Abstract/§1/§3, PDF pp.1–2,5–12","PDF pp.1–32 전체(본문 pp.1–26, 참고문헌 pp.26–28, Appendices A–D pp.28–32); Tables 2/4/6–9 렌더 확인.",Research paper,51
B052,Luu 등 - 2026 - ManiFeel Benchmarking and Understanding Visuotactile Manipulation Policy Learning.pdf,260918/Luu 등 - 2026 - ManiFeel Benchmarking and Understanding Visuotactile Manipulation Policy Learning.pdf,f9bbb98529baf333276c989b912a5f887a3ec4ba6156d6debd2601882664cc12,ManiFeel: Benchmarking and Understanding Visuotactile Manipulation Policy Learning,Quan Khanh Luu; Pokuang Zhou; Zhengtong Xu; Zhiyuan Zhang; Qiang Qiu; Yu She,2026,Not stated,"arXiv v2, 12 January 2026",Relevant,Not applicable,papers/2026-luu-manifeel.md,completed,19,Not applicable,Selected PDF version only; no alternate version comparison,"Vision-only, vision+TacRGB, vision+distributed tactile force field를 같은 proprioception·imitation-policy 조건에서 비교하여 tactile 정보의 과업별 역할과 추가 입력의 역효과를 직접 보여 준다. 다만 실행 중 vision을 계속 사용하며 tactile-only 조건은 없고, TacFF는 wrist 6축 F/T가 아니라 접촉면의 normal/shear grid다.",Not stated,2505.18472v2,"Abstract/§I/§III-A–B, PDF pp.1–7","PDF pp.1–19 전체(본문 pp.1–14, Appendices A–D pp.14–17, 참고문헌 pp.17–19); Figs.5/11 및 Tables II/IV를 렌더 확인. 별도 supplement는 확인하지 않음.",Research paper,52
B053,Ma 등 - 2026 - Current as Touch Proprioceptive Contact Feedback for Compliant Dexterous Manipulation.pdf,260918/Ma 등 - 2026 - Current as Touch Proprioceptive Contact Feedback for Compliant Dexterous Manipulation.pdf,34aa3921204a77c9ce36aeaf5fe0b59191fa25fff206dabd38a4c5634578a88e,Current as Touch: Proprioceptive Contact Feedback for Compliant Dexterous Manipulation,Chenyang Ma; Yunchao Yao; Zhenyu Wei; Ruogu Li; Daniel Szafir; Mingyu Ding,2026,Not stated,"arXiv v1, 3 July 2026",Relevant,Not applicable,papers/2026-ma-current-as-touch.md,completed,18,Not applicable,Selected PDF version only; no alternate version comparison,"외부 tactile/F/T 없이 hand motor current와 joint-state history를 contact/load cue로 사용하고 current 제거 ablation을 실물에서 수행한다. Current는 calibrated force나 wrench가 아니며 contact location도 주지 않으므로, proprioceptive force proxy의 정보·가정·모호성과 object-pose 보완 조건을 직접 비교할 수 있다.",Not stated,2607.03529v1,"Abstract/§1/§3, PDF pp.1–6","PDF pp.1–18 전체(본문 pp.1–9, Appendices A–C pp.9–15, 참고문헌 pp.16–18); Fig.3, Tables 1–4/7 및 Appendix C를 렌더 확인. Webpage/video는 확인하지 않음.",Research paper,53
B054,Manuelli 및 Tedrake - 2016 - Localizing external contact using proprioceptive sensors The Contact Particle Filter.pdf,260918/Manuelli 및 Tedrake - 2016 - Localizing external contact using proprioceptive sensors The Contact Particle Filter.pdf,d7330c53000689c6109986b637cf330e0ba72cc7df78e879548df861c84de453,Localizing External Contact Using Proprioceptive Sensors: The Contact Particle Filter,Lucas Manuelli; Russ Tedrake,2016,"IEEE/RSJ IROS 2016, pp.5062–5069",Publisher version,Relevant,Not applicable,papers/2016-manuelli-contact-particle-filter.md,completed,8,Not applicable,Selected PDF version only; no alternate version comparison,Wrist F/T 단독 연구는 아니지만 joint-torque residual로 접촉 위치를 복원할 때 필요한 geometry·dynamics·friction 조건과 multi-contact 비식별성을 직접 다룬다. 따라서 force 정보의 locality 복원 범위와 추가 가정을 판단하는 핵심 근거로 포함한다. 조작 policy 학습 성능을 제시하는 논문으로 취급하지 않는다.,Not stated,Not stated,"Abstract/§I–IV, PDF pp.1–3",PDF pp.1–8 전체; Fig.3–4 및 Table I/§VI를 렌더 확인. 별도 부록 없음.,Research paper,54
B055,Marques 등 - 2025 - Map Space Belief Prediction for Manipulation-Enhanced Mapping.pdf,260918/Marques 등 - 2025 - Map Space Belief Prediction for Manipulation-Enhanced Mapping.pdf,2d27bf0208b733bb34e551baebb269dc2e2824bde898abce6b5996d326bfdd05,Map Space Belief Prediction for Manipulation-Enhanced Mapping,Joao Marcos Correia Marques; Nils Dengler; Tobias Zaenker; Jesper Mücke; Shenlong Wang; Maren Bennewitz; Kris Hauser,2025,Not stated,"arXiv v3, 2025-06-18",PASS,RGB-D semantic mapping의 상위 viewpoint/push 선택과 map-belief prediction 연구다. Push 중 관측 부재와 learned dynamics는 다루지만 tactile/F/T·접촉 센싱의 정보 보완이나 한계를 분석하지 않아 이번 Review 범위에서는 PASS.,Not applicable,passed,15,Not applicable,"Selected arXiv v3 dated 2025-06-18, PDF p.1; publication venue not stated there.",일반적 partial-observation mapping을 접촉 센싱 연구로 확대하지 않음.,Not stated,2502.20606v3,"Abstract/§I, PDF pp.1–2; §III/IV-A–C, PDF pp.3–4",Screening only: PDF pp.1–4 title/abstract/introduction/related work/problem/method/observation. PASS 이후 상세 분석하지 않음.,Research paper,55
B056,Martin-Martin 등 - 2019 - Variable Impedance Control in End-Effector Space An Action Space for Reinforcement Learning in Cont.pdf,260918/Martin-Martin 등 - 2019 - Variable Impedance Control in End-Effector Space An Action Space for Reinforcement Learning in Cont.pdf,82b4393c8ff1a3e0a0ffd37d6f10af61822781da33c5dc5d2b550d1e44def9f7,Variable Impedance Control in End-Effector Space: An Action Space for Reinforcement Learning in Contact-Rich Tasks,Roberto Martín-Martín; Michelle A. Lee; Rachel Gardner; Silvio Savarese; Jeannette Bohg; Animesh Garg,2019,IEEE/RSJ IROS 2019,IEEE publisher PDF,PASS,"Action-space/impedance 비교가 중심이며 tactile 또는 force observation을 사용하지 않는다. Wiping은 RGB+EEF pose/velocity를 사용하고 실물에서도 direct force sensing이 없다고 명시하여, 현재 contact information 보완 질문의 직접 근거가 아니므로 PASS.",Not applicable,passed,8,Not applicable,선택 범위에서 중복 미확인,"Action-space/impedance 비교가 중심이며 tactile 또는 force observation을 사용하지 않는다. Wiping은 RGB+EEF pose/velocity를 사용하고 실물에서도 direct force sensing이 없다고 명시하여, 현재 contact information 보완 질문의 직접 근거가 아니므로 PASS.",Not stated,Not stated,"Title/Abstract/Introduction; controller overview; §V.C Observation 및 실물 센싱 명시, PDF pp.1–3,7","Title/Abstract/Introduction; controller overview; §V.C Observation 및 실물 센싱 명시, PDF pp.1–3,7",Research paper,56
B057,Miller 등 - 2025 - Enhancing Tactile-based Reinforcement Learning for Robotic Control.pdf,260918/Miller 등 - 2025 - Enhancing Tactile-based Reinforcement Learning for Robotic Control.pdf,e51421f53cd0d4b333b05f64adf74fc0f7a52e8ee48c4bbc1c07276a1d0573b2,Enhancing Tactile-based Reinforcement Learning for Robotic Control,Elle Miller; Trevor McInroe; David Abel; Oisin Mac Aodha; Sethu Vijayakumar,2025,NeurIPS 2025,"arXiv v1, 24 October 2025; NeurIPS 2025 header; Appendix A–H 포함",Relevant,Not applicable,papers/2025-miller-enhancing-tactile-rl.md,completed,28,Not applicable,선택 범위에서 동일 논문의 다른 버전은 확인되지 않음,Sparse binary contact와 proprioception/history를 결합하고 tactile 제거 및 자기지도 표현학습을 비교한다. Object pose 없는 actor·critic과 GT를 쓰는 reward/reset을 분리하여 검토할 수 있다. 모든 로봇 실험은 simulation이며 실물 전이 성과로 해석하지 않는다.,Not stated,2510.21609v1,"Title/Abstract/Introduction/Method overview/Observation, PDF pp.1–3",PDF pp.1–28 본문 및 포함된 부록을 새로 확인; 핵심 표·그림 렌더링 확인,Research paper,57
B058,Narang 등 - 2022 - Factory Fast Contact for Robotic Assembly.pdf,260918/Narang 등 - 2022 - Factory Fast Contact for Robotic Assembly.pdf,3ed5068251c0eaef46fc394cbf8d0482a027dc22ee0dfa1067929ca90b9ff8b6,Factory: Fast Contact for Robotic Assembly,Yashraj Narang; Kier Storey; Iretiayo Akinola; Miles Macklin; Philipp Reist; Lukasz Wawrzyniak; Yunrong Guo; Adam Moravanszky; Gavriel State; Michelle Lu; Ankur Handa; Dieter Fox,2022,Not stated,"arXiv v1, 7 May 2022; Appendix 포함",Partially Relevant,Not applicable,papers/2022-narang-factory.md,completed,21,Not applicable,선택 범위에서 동일 논문의 다른 버전은 확인되지 않음,"주요 기여는 접촉 시뮬레이션이지만 Screw task에서 pose/velocity에 force와 action을 추가하는 observation ablation을 제공한다. GT pose를 계속 제공하는 조건에서 force의 유용성이 자동으로 보장되지 않는 비교 근거이며, sensor-free 또는 tactile 정책의 실물 검증 사례는 아니다.",Not stated,2205.03532v1,"Title/Abstract; §IV.C–V, pp.7–10; Table IV p.11",PDF pp.1–21 본문 및 포함된 부록을 새로 확인; 핵심 표·그림 렌더링 확인,Research paper,58
B059,Nazari 등 - 2023 - Deep Functional Predictive Control (deep-FPC) Robot Pushing 3-D Cluster Using Tactile Prediction.pdf,260918/Nazari 등 - 2023 - Deep Functional Predictive Control (deep-FPC) Robot Pushing 3-D Cluster Using Tactile Prediction.pdf,01c9bb150cad65d334b1acdaa95755a6a8ef33e47f5792294e1151594171b3c3,Deep Functional Predictive Control (deep-FPC): Robot Pushing 3-D Cluster using Tactile Prediction,Kiyanoush Nazari; Gabriele Gandolfi; Zeynab Talebpour; Vishnu Rajendran; Willow Mandil; Paolo Rocco; Amir Ghalamzan-E.,2023,IEEE/RSJ IROS 2023,"IEEE publisher PDF, pp.10771–10776",Relevant,Not applicable,papers/2023-nazari-deep-fpc.md,completed,6,Not applicable,선택 범위에서 동일 논문의 다른 버전은 확인되지 않음,시각 대신 tactile image와 robot trajectory/history로 flexible stem contact를 예측하며 접촉 유지 pushing을 수행한다. Tactile image를 1D contact location으로 축약하는 controller와 원시 영상의 dynamics model을 구분하여 분석할 수 있다.,10.1109/IROS55552.2023.10342410,Not stated,"Title/Abstract/Introduction/Method overview/Observation, PDF pp.1–3",PDF pp.1–6 본문 및 포함된 부록을 새로 확인; 핵심 표·그림 렌더링 확인,Research paper,59
B060,Nguyen 등 - 2021 - Belief-Grounded Networks for Accelerated Robot Learning under Partial Observability.pdf,260918/Nguyen 등 - 2021 - Belief-Grounded Networks for Accelerated Robot Learning under Partial Observability.pdf,8e3be2a708c8895163badb862df69b46c9be7eba05a5b575744368219a51f9f9,Belief-Grounded Networks for Accelerated Robot Learning under Partial Observability,Hai Nguyen; Brett Daley; Xinchao Song; Christopher Amato; Robert Platt,2021 (PDF version); CoRL 2020,CoRL 2020,"arXiv v5, 21 October 2021; CoRL 2020 header; Appendix A–E",Relevant,Not applicable,papers/2021-nguyen-belief-grounded-networks.md,completed,14,Not applicable,선택 범위에서 동일 논문의 다른 버전은 확인되지 않음,Object position을 보지 못하는 contact manipulation에서 observation-action history를 belief supervision으로 학습한다. 논문이 force-feedback이라 부르는 신호는 finger coordinate/angle이며 별도 wrist F/T와 혼동하지 않아야 한다. 학습 전용 privileged belief와 실행 관측을 명확히 비교할 수 있다.,Not stated,2010.09170v5,"Title/Abstract/Introduction/Method overview/Observation, PDF pp.1–3",PDF pp.1–14 본문 및 포함된 부록을 새로 확인; 핵심 표·그림 렌더링 확인,Research paper,60
B061,Oh 등 - 2026 - FACTR 2 Learning External Force Sensing for Commodity Robot Arms Improves Policy Learning.pdf,260918/Oh 등 - 2026 - FACTR 2 Learning External Force Sensing for Commodity Robot Arms Improves Policy Learning.pdf,e289338c5cd2be42e02c41d700e499d6e6bb625c877660812b570031d678e295,FACTR 2: Learning External Force Sensing for Commodity Robot Arms Improves Policy Learning,Steven Oh; Jason Jingzhou Liu; Tony Tao; Philip Han; Kenneth Shaw; Satoshi Funabashi; Ruslan Salakhutdinov; Deepak Pathak,2026,Not stated,"arXiv v1, 10 June 2026; Appendix A–D",Relevant,Not applicable,papers/2026-oh-factr2.md,completed,22,Not applicable,선택 범위에서 동일 논문의 다른 버전은 확인되지 않음,"Motor current와 proprioceptive history에서 external joint torque를 추정하고, 이를 policy input 및 training sample selection에 각각 사용하는 근거를 제공한다. Dedicated wrist F/T나 distributed tactile 없이 contact 정보가 어떤 모델·보정 가정에 의해 얻어지는지 분석할 수 있다.",Not stated,2606.12406v1,"Title/Abstract/Introduction/Method overview/Observation, PDF pp.1–3",PDF pp.1–22 본문 및 포함된 부록을 새로 확인; 핵심 표·그림 렌더링 확인,Research paper,61
B062,Okada 등 - 2024 - A Contact Model based on Denoising Diffusion to Learn Variable Impedance Control for Contact-rich Ma.pdf,260918/Okada 등 - 2024 - A Contact Model based on Denoising Diffusion to Learn Variable Impedance Control for Contact-rich Ma.pdf,d11c40991f1903fb8ff57243099de87f180bd3d5e74f2c8b225bc075c6068c8e,A Contact Model based on Denoising Diffusion to Learn Variable Impedance Control for Contact-rich Manipulation,Masashi Okada; Mayumi Komatsu; Tadahiro Taniguchi,2024,IEEE/RSJ IROS 2024,"IEEE publisher PDF, pp.7286–7293; Appendix A",Partially Relevant,Not applicable,papers/2024-okada-diffusion-contact-model.md,completed,8,Not applicable,선택 범위에서 동일 논문의 다른 버전은 확인되지 않음,Demonstration trajectory가 explicit surface model을 대신하는 geometry prior이며 force trajectory를 예측해 variable stiffness를 조정한다. Online tactile compensation 연구는 아니지만 object geometry 없이 force-based contact task를 성립시키는 추가 정보와 force의 학습·평가 역할을 분석하는 데 유용하다.,10.1109/IROS58592.2024.10801976,Not stated,"Title/Abstract/Introduction/Method overview/Observation, PDF pp.1–3",PDF pp.1–8 본문 및 포함된 부록을 새로 확인; 핵심 표·그림 렌더링 확인,Research paper,62
B063,Ozdamar 등 - 2024 - Pushing in the Dark A Reactive Pushing Strategy for Mobile Robots Using Tactile Feedback.pdf,260918/Ozdamar 등 - 2024 - Pushing in the Dark A Reactive Pushing Strategy for Mobile Robots Using Tactile Feedback.pdf,d42a4eca50357a08a1a86bffb30ccc018149062627dd0ddd46fabdd495b4e76f,Pushing in the Dark: A Reactive Pushing Strategy for Mobile Robots Using Tactile Feedback,Idil Ozdamar; Doganay Sirintuna; Robin Arbaud; Arash Ajoudani,2024,"IEEE Robotics and Automation Letters 9(8),6824–6831",IEEE publisher PDF,Relevant,Not applicable,papers/2024-ozdamar-pushing-in-the-dark.md,completed,8,Not applicable,선택 범위에서 동일 논문의 다른 버전은 확인되지 않음,42개 capacitive sensing area를 threshold하고 접촉 위치로 축약해 current object pose/shape 없이 pushing한다. Binary/contact-location representation과 robot pose/known base geometry의 보완 관계를 직접 검토할 수 있다. 손목 F/T나 force magnitude를 사용하는 방법은 아니다.,10.1109/LRA.2024.3414279,Not stated,"Title/Abstract/Introduction/Method overview/Observation, PDF pp.1–3",PDF pp.1–8 본문 및 포함된 부록을 새로 확인; 핵심 표·그림 렌더링 확인,Research paper,63
B064,Padalkar - Guiding real-world reinforcement learning for in-contact manipulation tasks with Shared Control Temp.pdf,260918/Padalkar - Guiding real-world reinforcement learning for in-contact manipulation tasks with Shared Control Temp.pdf,7aab5f995fd6a7c3c8eef488842e21defbd86d330b9657c73076755862cc5482,Guiding real-world reinforcement learning for in-contact manipulation tasks with Shared Control Templates,Abhishek Padalkar; Gabriel Quere; Antonin Raffin; João Silvério; Freek Stulp,2024,"Autonomous Robots 48, Article 12","Publisher PDF, published 4 June 2024; Appendix A included",Relevant,Not applicable,papers/2024-padalkar-shared-control-templates.md,completed,17,Not applicable,선택 범위에서 동일 논문의 다른 버전은 확인되지 않음,"실물 grid-clamp insertion에서 FK로 얻은 clamp 위치와 3D force를 actor에 제공한다. 알려진 hole frame, orientation constraint, 좁은 탐색 영역이 접촉 학습을 성립시키므로 F/T 기반 방법의 추가 정보와 가정을 비교하는 데 직접 관련된다. Force cost 비교는 존재하지만 force 입력 제거 실험과는 구분해야 한다.",10.1007/s10514-024-10164-6,Not stated,"Title/Abstract/Introduction/Method overview/Observation, PDF pp.1–3",PDF pp.1–17 본문 및 포함된 부록을 새로 확인; 핵심 표·그림 렌더링 확인,Research paper,64
B065,Padalkar 등 - 2025 - Towards Safe and Efficient Learning in the Wild Guiding RL With Constrained Uncertainty-Aware Movem.pdf,260918/Padalkar 등 - 2025 - Towards Safe and Efficient Learning in the Wild Guiding RL With Constrained Uncertainty-Aware Movem.pdf,72065fa915de2044072efd34ffd63af79d3c1372160b70079179a6bf16c03da2,Towards Safe and Efficient Learning in the Wild: Guiding RL With Constrained Uncertainty-Aware Movement Primitives,Abhishek Padalkar; Freek Stulp; Gerhard Neumann; João Silvério,2025,"IEEE Robotics and Automation Letters 10(7), 6880–6887","IEEE publisher PDF, July 2025 issue",Relevant,Not applicable,papers/2025-padalkar-kernelized-guided-rl.md,completed,8,Not applicable,선택 범위에서 동일 논문의 다른 버전은 확인되지 않음,실물 BNC insertion/locking에서 6D wrench와 EEF pose를 RL actor에 제공한다. Demonstration에서 얻은 nominal trajectory·covariance와 수작업 linear constraints가 함께 사용되므로 force-feedback 조작의 추가 정보와 prior를 분석할 수 있다. Force 입력 자체의 ablation은 보고하지 않는다.,10.1109/LRA.2025.3566599,Not stated,"Title/Abstract/Introduction/Method overview/Observation, PDF pp.1–3",PDF pp.1–8 본문 및 포함된 부록을 새로 확인; 핵심 표·그림 렌더링 확인,Research paper,65
